variable1,variable2,chi2_statistic,p_value
ID,dri_score,0.0,1.0
ID,psych_disturb,0.0,1.0
ID,cyto_score,0.0,1.0
ID,diabetes,0.0,1.0
ID,hla_match_c_high,0.0,1.0
ID,hla_high_res_8,0.0,1.0
ID,tbi_status,0.0,1.0
ID,arrhythmia,0.0,1.0
ID,hla_low_res_6,0.0,1.0
ID,graft_type,0.0,1.0
ID,vent_hist,0.0,1.0
ID,renal_issue,0.0,1.0
ID,pulm_severe,0.0,1.0
ID,prim_disease_hct,0.0,1.0
ID,hla_high_res_6,0.0,1.0
ID,cmv_status,0.0,1.0
ID,hla_high_res_10,0.0,1.0
ID,hla_match_dqb1_high,0.0,1.0
ID,tce_imm_match,0.0,1.0
ID,hla_nmdp_6,0.0,1.0
ID,hla_match_c_low,0.0,1.0
ID,rituximab,0.0,1.0
ID,hla_match_drb1_low,0.0,1.0
ID,hla_match_dqb1_low,0.0,1.0
ID,prod_type,0.0,1.0
ID,cyto_score_detail,0.0,1.0
ID,conditioning_intensity,0.0,1.0
ID,ethnicity,0.0,1.0
ID,year_hct,0.0,1.0
ID,obesity,0.0,1.0
ID,mrd_hct,0.0,1.0
ID,in_vivo_tcd,0.0,1.0
ID,tce_match,0.0,1.0
ID,hla_match_a_high,0.0,1.0
ID,hepatic_severe,0.0,1.0
ID,donor_age,0.0,1.0
ID,prior_tumor,0.0,1.0
ID,hla_match_b_low,0.0,1.0
ID,peptic_ulcer,0.0,1.0
ID,age_at_hct,0.0,1.0
ID,hla_match_a_low,0.0,1.0
ID,gvhd_proph,0.0,1.0
ID,rheum_issue,0.0,1.0
ID,sex_match,0.0,1.0
ID,hla_match_b_high,0.0,1.0
ID,race_group,0.0,1.0
ID,comorbidity_score,0.0,1.0
ID,karnofsky_score,0.0,1.0
ID,hepatic_mild,0.0,1.0
ID,tce_div_match,0.0,1.0
ID,donor_related,0.0,1.0
ID,melphalan_dose,0.0,1.0
ID,hla_low_res_8,0.0,1.0
ID,cardiac,0.0,1.0
ID,hla_match_drb1_high,0.0,1.0
ID,pulm_moderate,0.0,1.0
ID,hla_low_res_10,0.0,1.0
ID,efs,0.0,1.0
ID,efs_time,0.0,1.0
dri_score,psych_disturb,20.57566964731303,5.731999091353995e-06
dri_score,hla_match_c_high,0.03070002533280211,0.8609113057530056
dri_score,hla_high_res_8,6.1491958894841146,0.013147186443531064
dri_score,tbi_status,0.0,1.0
dri_score,hla_low_res_6,1.631037300768977,0.20155963530475224
dri_score,graft_type,0.0,1.0
dri_score,vent_hist,0.009699376951738241,0.9215468528630706
dri_score,renal_issue,18.49292178255345,1.705364703026506e-05
dri_score,pulm_severe,21.640532348045042,3.2882906479812622e-06
dri_score,prim_disease_hct,0.0,1.0
dri_score,hla_high_res_6,7.645196208620469,0.005692370433876226
dri_score,hla_high_res_10,1.8101143328743767,0.17849451518906928
dri_score,hla_match_dqb1_high,0.0,1.0
dri_score,tce_imm_match,3.9442159407564286,0.04703276647163762
dri_score,hla_nmdp_6,4.3023167643606,0.038060491300072684
dri_score,hla_match_c_low,0.9256862565726433,0.3359863630080256
dri_score,rituximab,11.474452200297454,0.0007055944224780429
dri_score,hla_match_drb1_low,0.4389461032704643,0.5076315654953882
dri_score,hla_match_dqb1_low,0.22565039969213446,0.6347679170921474
dri_score,prod_type,0.0,1.0
dri_score,ethnicity,0.0,1.0
dri_score,year_hct,0.0,1.0
dri_score,obesity,11.581373768554737,0.0006661571020179346
dri_score,mrd_hct,0.0016423460159839126,0.9676738839141726
dri_score,in_vivo_tcd,9.154380509961342,0.00248123364212521
dri_score,tce_match,7.3729403469550485,0.0066212581741366214
dri_score,hla_match_a_high,1.5554374053660094,0.21233452431022046
dri_score,hepatic_severe,19.573426846429076,9.6806333108647e-06
dri_score,prior_tumor,6.7416249584201715,0.009418879344311324
dri_score,hla_match_b_low,1.1524249349599047,0.2830421006073376
dri_score,peptic_ulcer,15.61383822755166,7.768398650058987e-05
dri_score,hla_match_a_low,0.0,1.0
dri_score,gvhd_proph,0.07422859693394228,0.7852766039490255
dri_score,rheum_issue,13.035573063999975,0.00030562968900762696
dri_score,sex_match,0.0,1.0
dri_score,hla_match_b_high,0.1442632979313171,0.704078971076773
dri_score,race_group,0.0,1.0
dri_score,karnofsky_score,5.237365202014583,0.022106730503071943
dri_score,hepatic_mild,15.765972708209816,7.168017294121601e-05
dri_score,tce_div_match,2.496804838158938,0.11407753144878872
dri_score,melphalan_dose,1.2553360364381945,0.262535765084248
dri_score,hla_low_res_8,2.098506622178686,0.14744308485483723
dri_score,hla_match_drb1_high,8.50668716904363,0.003538436735289973
dri_score,pulm_moderate,11.014278001834198,0.0009041273584852333
dri_score,hla_low_res_10,2.4813864937976007,0.11520065935103761
dri_score,efs,0.0,1.0
dri_score,efs_time,0.0,1.0
psych_disturb,tbi_status,0.0,1.0
psych_disturb,vent_hist,56.16807926437761,6.653298717915605e-14
psych_disturb,renal_issue,12166.69801535728,0.0
psych_disturb,pulm_severe,11827.759438035264,0.0
psych_disturb,tce_imm_match,2.7617904579915526,0.09654013661682381
psych_disturb,rituximab,8024.628938416568,0.0
psych_disturb,year_hct,0.0,1.0
psych_disturb,tce_match,17.787152959933735,2.4704572310164482e-05
psych_disturb,rheum_issue,12509.00895402623,0.0
psych_disturb,sex_match,8.117274328569643,0.004384543109703239
psych_disturb,race_group,0.0,1.0
psych_disturb,tce_div_match,4.739375043162824,0.02947977843764613
psych_disturb,pulm_moderate,9852.617415669432,0.0
cyto_score,dri_score,1.0302858679291766,0.310091534978247
cyto_score,psych_disturb,103.7643837828334,2.278647866885079e-24
cyto_score,diabetes,105.24081471952573,1.0815894862524753e-24
cyto_score,hla_match_c_high,34.91393816906543,3.4460510768272966e-09
cyto_score,hla_high_res_8,21.98499332028013,2.7479063702758867e-06
cyto_score,tbi_status,0.0,1.0
cyto_score,hla_low_res_6,0.9490897729083442,0.32995109603913997
cyto_score,graft_type,0.0,1.0
cyto_score,vent_hist,2.361539976037404,0.12435937103397708
cyto_score,renal_issue,80.13375983366551,3.499027319996744e-19
cyto_score,pulm_severe,77.35043388310956,1.4316326591894782e-18
cyto_score,prim_disease_hct,0.0,1.0
cyto_score,hla_high_res_6,7.774542774763089,0.005298762625353725
cyto_score,hla_high_res_10,9.940723398901099,0.0016166200594115256
cyto_score,hla_match_dqb1_high,0.2639064045590943,0.6074490149432119
cyto_score,tce_imm_match,172.71313006060143,1.8906823580079703e-39
cyto_score,hla_nmdp_6,0.566747368465694,0.4515543281452902
cyto_score,hla_match_c_low,12.52021411785931,0.00040257275176312367
cyto_score,rituximab,60.11795995556461,8.933941011659446e-15
cyto_score,hla_match_drb1_low,4.165958852713971,0.04124406193501471
cyto_score,hla_match_dqb1_low,9.170149451798414,0.002459944799946108
cyto_score,prod_type,0.0,1.0
cyto_score,cyto_score_detail,13076.477373052254,0.0
cyto_score,ethnicity,8.798210999633373,0.003015260738465367
cyto_score,year_hct,0.0,1.0
cyto_score,obesity,52.71983917832942,3.8468561513512227e-13
cyto_score,mrd_hct,5591.781874519448,0.0
cyto_score,in_vivo_tcd,0.14232188838416177,0.7059835655109303
cyto_score,tce_match,36.437187525996826,1.5766614607949095e-09
cyto_score,hla_match_a_high,7.957319267527172,0.004789329722304796
cyto_score,hepatic_severe,81.57032190455605,1.6913502163954267e-19
cyto_score,donor_age,779.204134170564,1.7927964547778908e-171
cyto_score,prior_tumor,92.37509049809265,7.171105074412497e-22
cyto_score,hla_match_b_low,2.6081517137216834,0.1063156085007285
cyto_score,peptic_ulcer,64.79442569799323,8.313399457327878e-16
cyto_score,hla_match_a_low,2.620460384952752,0.10549382921771118
cyto_score,gvhd_proph,0.9294849253731059,0.33499680266932186
cyto_score,rheum_issue,74.45118678799813,6.21563041763215e-18
cyto_score,sex_match,0.050085059096198696,0.8229153306815861
cyto_score,hla_match_b_high,2.1825528775731033,0.13958276149337812
cyto_score,race_group,0.0,1.0
cyto_score,karnofsky_score,118.1421918763635,1.6139320060709924e-27
cyto_score,hepatic_mild,67.8961095714347,1.7234087683353554e-16
cyto_score,tce_div_match,163.8601670589222,1.6229646443430622e-37
cyto_score,donor_related,2.4227630223450842,0.1195838409321963
cyto_score,melphalan_dose,1.4983206634438067,0.22092993617581136
cyto_score,hla_low_res_8,2.4685029507137797,0.11614850350485512
cyto_score,hla_match_drb1_high,0.0038964469087001997,0.950227153112278
cyto_score,pulm_moderate,52.54313605047784,4.209012349695877e-13
cyto_score,hla_low_res_10,4.013933461044207,0.04512575605446839
cyto_score,efs,0.0,1.0
cyto_score,efs_time,0.0,1.0
diabetes,dri_score,9.904586684086034,0.001648673518260112
diabetes,psych_disturb,12239.778277216968,0.0
diabetes,hla_match_c_high,0.26833117942549845,0.6044534342859534
diabetes,hla_high_res_8,2.9591870336486004,0.08539086467413207
diabetes,tbi_status,0.0,1.0
diabetes,hla_low_res_6,38.22411564075413,6.306814568056827e-10
diabetes,graft_type,0.0,1.0
diabetes,vent_hist,49.551941231975285,1.931886105306139e-12
diabetes,renal_issue,12876.304608947941,0.0
diabetes,pulm_severe,12167.631328602447,0.0
diabetes,prim_disease_hct,0.0,1.0
diabetes,hla_high_res_6,2.078251175016928,0.14941127225516684
diabetes,hla_high_res_10,14.318476550562632,0.00015434253442883232
diabetes,hla_match_dqb1_high,8.259753507298571,0.004053363119157599
diabetes,tce_imm_match,1.494250630178045,0.22155811999462627
diabetes,hla_nmdp_6,3.3703733244455862,0.06637871199928774
diabetes,hla_match_c_low,17.868232664837066,2.367401130905812e-05
diabetes,rituximab,8284.145978141776,0.0
diabetes,hla_match_drb1_low,19.19192008444562,1.1821269209241319e-05
diabetes,hla_match_dqb1_low,3.191723265304976,0.07401195297769497
diabetes,prod_type,0.0,1.0
diabetes,ethnicity,10.52458776383654,0.0011779668593113557
diabetes,year_hct,0.0,1.0
diabetes,obesity,11296.59413961948,0.0
diabetes,mrd_hct,7.103456368903383,0.007693545147845018
diabetes,in_vivo_tcd,23.587352268627125,1.1936954728740842e-06
diabetes,tce_match,15.570039050191054,7.950448113476223e-05
diabetes,hla_match_a_high,2.49654281878456,0.11409651671687422
diabetes,hepatic_severe,12457.84067676709,0.0
diabetes,donor_age,2.3645704017063776,0.12411807735003919
diabetes,prior_tumor,10869.671505228254,0.0
diabetes,hla_match_b_low,26.34582246069305,2.854356206482928e-07
diabetes,peptic_ulcer,13005.141579615884,0.0
diabetes,hla_match_a_low,19.993879194733346,7.769045291504779e-06
diabetes,gvhd_proph,31.648941212185647,1.8471527706546888e-08
diabetes,rheum_issue,12552.920560062339,0.0
diabetes,sex_match,15.064584509134297,0.00010389435863973943
diabetes,hla_match_b_high,0.11661090373206631,0.7327397091852366
diabetes,race_group,0.0,1.0
diabetes,karnofsky_score,0.0,1.0
diabetes,hepatic_mild,12112.161637505767,0.0
diabetes,tce_div_match,3.9432453803506666,0.0470599064056775
diabetes,donor_related,26.586916091016267,2.519442077196646e-07
diabetes,melphalan_dose,3530.6496576726126,0.0
diabetes,hla_low_res_8,44.8298004678944,2.149266417601491e-11
diabetes,hla_match_drb1_high,6.023363402877318,0.014117716584860284
diabetes,pulm_moderate,10095.36298997125,0.0
diabetes,hla_low_res_10,31.663541906743436,1.833317443896177e-08
diabetes,efs,0.0,1.0
diabetes,efs_time,0.0,1.0
hla_match_c_high,psych_disturb,1.0843698836102127,0.29772203597752095
hla_match_c_high,tbi_status,0.0,1.0
hla_match_c_high,vent_hist,16.595747920318267,4.625460781136194e-05
hla_match_c_high,renal_issue,0.18632874200683228,0.6659899020900235
hla_match_c_high,pulm_severe,0.7351048414896668,0.39123349851703404
hla_match_c_high,prim_disease_hct,0.0,1.0
hla_match_c_high,hla_match_dqb1_high,10948.69155174714,0.0
hla_match_c_high,tce_imm_match,6722.169858002289,0.0
hla_match_c_high,hla_nmdp_6,14865.26157189901,0.0
hla_match_c_high,hla_match_c_low,12846.781308588612,0.0
hla_match_c_high,rituximab,0.1311269075055649,0.717266472204539
hla_match_c_high,hla_match_drb1_low,12280.015909285074,0.0
hla_match_c_high,hla_match_dqb1_low,9736.729599441103,0.0
hla_match_c_high,prod_type,0.0,1.0
hla_match_c_high,year_hct,0.0,1.0
hla_match_c_high,obesity,3.0764980217512927,0.07943138530562366
hla_match_c_high,mrd_hct,54.85378606104054,1.2983840460778894e-13
hla_match_c_high,in_vivo_tcd,13.849587547326943,0.00019804019977889964
hla_match_c_high,tce_match,2083.982147664039,0.0
hla_match_c_high,prior_tumor,1.8196125804795624,0.17735939927622998
hla_match_c_high,peptic_ulcer,0.5195604757855684,0.47102923073452363
hla_match_c_high,rheum_issue,0.14654885270488122,0.7018554584651738
hla_match_c_high,sex_match,12.219431910605643,0.0004729432949026355
hla_match_c_high,race_group,0.0,1.0
hla_match_c_high,karnofsky_score,27.53563576007418,1.542265194528721e-07
hla_match_c_high,tce_div_match,6686.717643999025,0.0
hla_match_c_high,melphalan_dose,0.05389288994326488,0.8164227365013598
hla_match_c_high,hla_match_drb1_high,13154.960688330477,0.0
hla_match_c_high,pulm_moderate,2.465318411710652,0.11638411538400767
hla_high_res_8,psych_disturb,4.9621132457587604,0.025908526751809987
hla_high_res_8,hla_match_c_high,21679.344587013453,0.0
hla_high_res_8,tbi_status,0.0,1.0
hla_high_res_8,hla_low_res_6,12949.799996244488,0.0
hla_high_res_8,vent_hist,29.69893185373606,5.046261857534562e-08
hla_high_res_8,renal_issue,1.2393633482620066,0.26559378741914175
hla_high_res_8,pulm_severe,2.3500993661582665,0.12527502186437128
hla_high_res_8,prim_disease_hct,0.0,1.0
hla_high_res_8,hla_match_dqb1_high,11498.979530181976,0.0
hla_high_res_8,tce_imm_match,6697.0014146534995,0.0
hla_high_res_8,hla_nmdp_6,15674.701967793211,0.0
hla_high_res_8,hla_match_c_low,10825.58709511582,0.0
hla_high_res_8,rituximab,6.523682469162269,0.010644737323506926
hla_high_res_8,hla_match_drb1_low,10587.952517568037,0.0
hla_high_res_8,hla_match_dqb1_low,9536.11233269774,0.0
hla_high_res_8,prod_type,0.0,1.0
hla_high_res_8,year_hct,0.0,1.0
hla_high_res_8,obesity,7.023046591162451,0.008046720439946213
hla_high_res_8,mrd_hct,64.05486269421476,1.210022652368644e-15
hla_high_res_8,in_vivo_tcd,39.98605949124817,2.557818115991059e-10
hla_high_res_8,tce_match,2372.6349072411467,0.0
hla_high_res_8,hla_match_a_high,19919.242174130828,0.0
hla_high_res_8,prior_tumor,0.18554122189352754,0.666653822738043
hla_high_res_8,hla_match_b_low,10513.1366535807,0.0
hla_high_res_8,peptic_ulcer,7.8245842350353,0.005154030150852409
hla_high_res_8,hla_match_a_low,9660.616322032878,0.0
hla_high_res_8,rheum_issue,6.687508221261172,0.009709081841066312
hla_high_res_8,sex_match,33.99566685503723,5.523494426497082e-09
hla_high_res_8,hla_match_b_high,18769.30196748716,0.0
hla_high_res_8,race_group,0.0,1.0
hla_high_res_8,karnofsky_score,36.40419186280266,1.6035796456326905e-09
hla_high_res_8,tce_div_match,6708.794107307984,0.0
hla_high_res_8,melphalan_dose,3.668718088624585,0.05544281088814232
hla_high_res_8,hla_low_res_8,14054.649066756978,0.0
hla_high_res_8,hla_match_drb1_high,14943.978461868232,0.0
hla_high_res_8,pulm_moderate,10.287735631558185,0.0013391732789578724
hla_high_res_8,hla_low_res_10,13035.626927709014,0.0
tbi_status,vent_hist,0.0,1.0
tbi_status,tce_imm_match,0.0,1.0
tbi_status,year_hct,0.0,1.0
tbi_status,tce_match,0.0,1.0
tbi_status,tce_div_match,0.0,1.0
arrhythmia,dri_score,14.971678105558109,0.00010913695903113377
arrhythmia,psych_disturb,12403.028960925985,0.0
arrhythmia,cyto_score,88.36536707277438,5.441522858512128e-21
arrhythmia,diabetes,12674.405731513985,0.0
arrhythmia,hla_match_c_high,0.31323431763224213,0.5757022273695349
arrhythmia,hla_high_res_8,5.58623596553292,0.018102154716048677
arrhythmia,tbi_status,0.0,1.0
arrhythmia,hla_low_res_6,59.633425630723366,1.1427764737759244e-14
arrhythmia,graft_type,0.0,1.0
arrhythmia,vent_hist,51.99269610552906,5.570746544762912e-13
arrhythmia,renal_issue,12638.503139008764,0.0
arrhythmia,pulm_severe,12056.652127941501,0.0
arrhythmia,prim_disease_hct,0.0,1.0
arrhythmia,hla_high_res_6,3.2557057712015522,0.07117529048587536
arrhythmia,cmv_status,29.64249526587579,5.195338176887738e-08
arrhythmia,hla_high_res_10,20.299934409159,6.620285337176658e-06
arrhythmia,hla_match_dqb1_high,20.741470096272963,5.256519962664107e-06
arrhythmia,tce_imm_match,3.366024010113671,0.06655419583692784
arrhythmia,hla_nmdp_6,7.169560410250143,0.007415094294872552
arrhythmia,hla_match_c_low,30.197369448895806,3.9023840172400296e-08
arrhythmia,rituximab,8206.595777014008,0.0
arrhythmia,hla_match_drb1_low,49.30766577396535,2.188057816638629e-12
arrhythmia,hla_match_dqb1_low,11.453836722884034,0.0007134653805636203
arrhythmia,prod_type,0.0,1.0
arrhythmia,cyto_score_detail,165.92226567516266,5.752364253295735e-38
arrhythmia,conditioning_intensity,51.63869109430429,6.671381254550575e-13
arrhythmia,ethnicity,13.738688502507701,0.0002100821313297641
arrhythmia,year_hct,0.0,1.0
arrhythmia,obesity,10615.247198702198,0.0
arrhythmia,mrd_hct,32.74753876971623,1.0493909185678008e-08
arrhythmia,in_vivo_tcd,28.772273073975846,8.140827344646839e-08
arrhythmia,tce_match,18.575537367007534,1.6330273789495806e-05
arrhythmia,hla_match_a_high,0.6895720788686107,0.40630997068846375
arrhythmia,hepatic_severe,12255.826218239488,0.0
arrhythmia,donor_age,2.934015046615916,0.08673154863181755
arrhythmia,prior_tumor,10749.46084833632,0.0
arrhythmia,hla_match_b_low,45.22859739409728,1.753261402824112e-11
arrhythmia,peptic_ulcer,13042.873704813963,0.0
arrhythmia,hla_match_a_low,32.35763505517373,1.2825229535097789e-08
arrhythmia,gvhd_proph,28.772273073975846,8.140827344646839e-08
arrhythmia,rheum_issue,12633.942492122598,0.0
arrhythmia,sex_match,20.91584823582809,4.799076642907777e-06
arrhythmia,hla_match_b_high,0.09845849357365558,0.7536874030113305
arrhythmia,race_group,0.0,1.0
arrhythmia,comorbidity_score,1244.432345882034,1.3460328688068112e-272
arrhythmia,karnofsky_score,0.0,1.0
arrhythmia,hepatic_mild,12285.650953746892,0.0
arrhythmia,tce_div_match,4.1977650339293655,0.04047729298759087
arrhythmia,donor_related,9.784788537142674,0.0017596146433497993
arrhythmia,melphalan_dose,3359.6778475963747,0.0
arrhythmia,hla_low_res_8,66.29815392304909,3.8762153025846174e-16
arrhythmia,cardiac,12532.75920109484,0.0
arrhythmia,hla_match_drb1_high,11.579495765195295,0.0006668302097181074
arrhythmia,pulm_moderate,10458.034082134956,0.0
arrhythmia,hla_low_res_10,52.4393144284031,4.4375093265030423e-13
arrhythmia,efs,0.0,1.0
arrhythmia,efs_time,0.0,1.0
hla_low_res_6,psych_disturb,67.89524365567442,1.724165785634532e-16
hla_low_res_6,hla_match_c_high,14495.950199778192,0.0
hla_low_res_6,tbi_status,0.0,1.0
hla_low_res_6,vent_hist,17.221645326674192,3.326248781600359e-05
hla_low_res_6,renal_issue,36.52547473479481,1.5068399266068626e-09
hla_low_res_6,pulm_severe,29.868890330358134,4.622708821899284e-08
hla_low_res_6,prim_disease_hct,0.0,1.0
hla_low_res_6,hla_match_dqb1_high,12082.263946917326,0.0
hla_low_res_6,tce_imm_match,5040.832348146603,0.0
hla_low_res_6,hla_nmdp_6,15355.080339903707,0.0
hla_low_res_6,hla_match_c_low,17310.115089167026,0.0
hla_low_res_6,rituximab,58.96230251453897,1.6072181470098546e-14
hla_low_res_6,hla_match_drb1_low,22710.11824160534,0.0
hla_low_res_6,hla_match_dqb1_low,11953.422565535198,0.0
hla_low_res_6,prod_type,0.0,1.0
hla_low_res_6,year_hct,0.0,1.0
hla_low_res_6,obesity,59.72544688141019,1.0905728633370695e-14
hla_low_res_6,mrd_hct,93.2789085542118,4.542066384369436e-22
hla_low_res_6,in_vivo_tcd,25.534919930090616,4.344483246299786e-07
hla_low_res_6,tce_match,1657.5335835952576,0.0
hla_low_res_6,hla_match_a_high,14719.251701928759,0.0
hla_low_res_6,prior_tumor,33.48406926564934,7.1850093413278426e-09
hla_low_res_6,hla_match_b_low,21974.086385716662,0.0
hla_low_res_6,peptic_ulcer,69.88406143995316,6.289460718674388e-17
hla_low_res_6,hla_match_a_low,20338.55234932463,0.0
hla_low_res_6,rheum_issue,56.00082822082795,7.24404967866713e-14
hla_low_res_6,sex_match,23.751902207376457,1.0958701426162106e-06
hla_low_res_6,hla_match_b_high,15276.094693455154,0.0
hla_low_res_6,race_group,0.0,1.0
hla_low_res_6,karnofsky_score,25.702249563072137,3.983624291340086e-07
hla_low_res_6,tce_div_match,4924.742115960829,0.0
hla_low_res_6,melphalan_dose,24.986025271507117,5.774735788084538e-07
hla_low_res_6,hla_low_res_8,25384.804151705324,0.0
hla_low_res_6,hla_match_drb1_high,14820.019455918906,0.0
hla_low_res_6,pulm_moderate,66.81312166544623,2.985045599761063e-16
graft_type,psych_disturb,0.0,1.0
graft_type,hla_match_c_high,0.0,1.0
graft_type,hla_high_res_8,0.0,1.0
graft_type,tbi_status,0.0,1.0
graft_type,hla_low_res_6,0.0,1.0
graft_type,vent_hist,0.0,1.0
graft_type,renal_issue,0.0,1.0
graft_type,pulm_severe,0.0,1.0
graft_type,prim_disease_hct,0.0,1.0
graft_type,hla_high_res_6,0.0,1.0
graft_type,hla_high_res_10,0.0,1.0
graft_type,hla_match_dqb1_high,0.0,1.0
graft_type,tce_imm_match,0.0,1.0
graft_type,hla_nmdp_6,0.0,1.0
graft_type,hla_match_c_low,0.0,1.0
graft_type,rituximab,0.0,1.0
graft_type,hla_match_drb1_low,0.0,1.0
graft_type,hla_match_dqb1_low,0.0,1.0
graft_type,prod_type,0.0,1.0
graft_type,year_hct,0.0,1.0
graft_type,obesity,0.0,1.0
graft_type,mrd_hct,0.0,1.0
graft_type,in_vivo_tcd,0.0,1.0
graft_type,tce_match,0.0,1.0
graft_type,hla_match_a_high,0.0,1.0
graft_type,hepatic_severe,0.0,1.0
graft_type,prior_tumor,0.0,1.0
graft_type,hla_match_b_low,0.0,1.0
graft_type,peptic_ulcer,0.0,1.0
graft_type,hla_match_a_low,0.0,1.0
graft_type,gvhd_proph,0.0,1.0
graft_type,rheum_issue,0.0,1.0
graft_type,sex_match,0.0,1.0
graft_type,hla_match_b_high,0.0,1.0
graft_type,race_group,0.0,1.0
graft_type,karnofsky_score,0.0,1.0
graft_type,hepatic_mild,0.0,1.0
graft_type,tce_div_match,0.0,1.0
graft_type,melphalan_dose,0.0,1.0
graft_type,hla_low_res_8,0.0,1.0
graft_type,hla_match_drb1_high,0.0,1.0
graft_type,pulm_moderate,0.0,1.0
graft_type,hla_low_res_10,0.0,1.0
vent_hist,year_hct,0.0,1.0
renal_issue,tbi_status,0.0,1.0
renal_issue,vent_hist,69.51074182205794,7.599948246408019e-17
renal_issue,tce_imm_match,0.12340650125815839,0.7253688348255827
renal_issue,rituximab,8576.086918350735,0.0
renal_issue,year_hct,0.0,1.0
renal_issue,tce_match,10.655185324644947,0.0010976274519550753
renal_issue,rheum_issue,13090.018822291635,0.0
renal_issue,sex_match,5.2097452290291635,0.022460625782213365
renal_issue,tce_div_match,1.550556540083971,0.21305329929607772
pulm_severe,tbi_status,0.0,1.0
pulm_severe,vent_hist,39.262216137430414,3.7054277053633836e-10
pulm_severe,renal_issue,12041.921061359597,0.0
pulm_severe,tce_imm_match,0.7855439579144763,0.3754509450120782
pulm_severe,rituximab,8115.65956454417,0.0
pulm_severe,year_hct,0.0,1.0
pulm_severe,tce_match,14.524157195979145,0.00013837372547323377
pulm_severe,rheum_issue,12067.032213034292,0.0
pulm_severe,sex_match,5.805298061784682,0.015977959246404914
pulm_severe,race_group,0.0,1.0
pulm_severe,tce_div_match,2.546268499371947,0.11055508807361883
prim_disease_hct,psych_disturb,0.0,1.0
prim_disease_hct,tbi_status,0.0,1.0
prim_disease_hct,vent_hist,0.0,1.0
prim_disease_hct,renal_issue,0.0,1.0
prim_disease_hct,pulm_severe,0.0,1.0
prim_disease_hct,tce_imm_match,0.0,1.0
prim_disease_hct,rituximab,0.0,1.0
prim_disease_hct,prod_type,0.0,1.0
prim_disease_hct,year_hct,0.0,1.0
prim_disease_hct,tce_match,0.0,1.0
prim_disease_hct,prior_tumor,0.0,1.0
prim_disease_hct,rheum_issue,0.0,1.0
prim_disease_hct,sex_match,0.0,1.0
prim_disease_hct,race_group,0.0,1.0
prim_disease_hct,tce_div_match,0.0,1.0
prim_disease_hct,pulm_moderate,0.0,1.0
hla_high_res_6,psych_disturb,2.7690076930580654,0.09610572270094717
hla_high_res_6,hla_match_c_high,17918.95708211772,0.0
hla_high_res_6,hla_high_res_8,25496.151956906484,0.0
hla_high_res_6,tbi_status,0.0,1.0
hla_high_res_6,hla_low_res_6,13885.090823631048,0.0
hla_high_res_6,vent_hist,26.59855435648968,2.504310702048729e-07
hla_high_res_6,renal_issue,0.3847369461352258,0.5350789423769666
hla_high_res_6,pulm_severe,0.5521230234899603,0.4574515231423004
hla_high_res_6,prim_disease_hct,0.0,1.0
hla_high_res_6,hla_match_dqb1_high,11182.860987556596,0.0
hla_high_res_6,tce_imm_match,6006.140864014409,0.0
hla_high_res_6,hla_nmdp_6,16906.630880645473,0.0
hla_high_res_6,hla_match_c_low,11378.40898868885,0.0
hla_high_res_6,rituximab,3.974166774011521,0.046203307070309084
hla_high_res_6,hla_match_drb1_low,11477.180500144686,0.0
hla_high_res_6,hla_match_dqb1_low,9115.046195116429,0.0
hla_high_res_6,prod_type,0.0,1.0
hla_high_res_6,year_hct,0.0,1.0
hla_high_res_6,obesity,5.1163554201483015,0.02370134474517567
hla_high_res_6,mrd_hct,79.0520170500248,6.049593398465428e-19
hla_high_res_6,in_vivo_tcd,45.99069161757404,1.1881619191144351e-11
hla_high_res_6,tce_match,2150.1853225086934,0.0
hla_high_res_6,hla_match_a_high,22495.235401976406,0.0
hla_high_res_6,prior_tumor,0.007886533969371267,0.9292359624434398
hla_high_res_6,hla_match_b_low,11483.267687254569,0.0
hla_high_res_6,peptic_ulcer,4.9854090360610535,0.025561941336788088
hla_high_res_6,hla_match_a_low,10593.591444620502,0.0
hla_high_res_6,rheum_issue,4.772560688486989,0.028916785022662175
hla_high_res_6,sex_match,32.734623896772916,1.0563864227392361e-08
hla_high_res_6,hla_match_b_high,21196.59026505917,0.0
hla_high_res_6,race_group,0.0,1.0
hla_high_res_6,karnofsky_score,22.12229703577346,2.558210662990742e-06
hla_high_res_6,tce_div_match,5993.4820022743115,0.0
hla_high_res_6,melphalan_dose,4.412104938717618,0.03568478253818391
hla_high_res_6,hla_low_res_8,14666.071045275636,0.0
hla_high_res_6,hla_match_drb1_high,16876.59367719975,0.0
hla_high_res_6,pulm_moderate,7.087276095873901,0.007763315496144362
hla_high_res_6,hla_low_res_10,12713.418297201984,0.0
cmv_status,dri_score,1.3498516963097116,0.24530404512772835
cmv_status,psych_disturb,26.59466855672429,2.509352629663794e-07
cmv_status,cyto_score,0.0,1.0
cmv_status,diabetes,30.41378995371588,3.4903807138720856e-08
cmv_status,hla_match_c_high,1.3956518671009153,0.2374529485764496
cmv_status,hla_high_res_8,2.9490901965145286,0.08592591898113945
cmv_status,tbi_status,0.0,1.0
cmv_status,hla_low_res_6,6.102152102605243,0.013501735450619765
cmv_status,graft_type,0.0,1.0
cmv_status,vent_hist,8.363881348250796,0.003827521649070594
cmv_status,renal_issue,48.81240642139515,2.8165255390583527e-12
cmv_status,pulm_severe,34.82995037166455,3.5979572809632433e-09
cmv_status,prim_disease_hct,0.0,1.0
cmv_status,hla_high_res_6,1.1153567852016415,0.29092045952303036
cmv_status,hla_high_res_10,9.869095037157367,0.0016807815924660928
cmv_status,hla_match_dqb1_high,3.551871089832758,0.059478344763932156
cmv_status,tce_imm_match,15.945067821374,6.520746217311255e-05
cmv_status,hla_nmdp_6,8.166766611475055,0.004266489714625918
cmv_status,hla_match_c_low,1.1355323744984775,0.2865983424368129
cmv_status,rituximab,43.6366330892906,3.9536839671865876e-11
cmv_status,hla_match_drb1_low,4.539854134284869,0.03311441363245813
cmv_status,hla_match_dqb1_low,3.8231721837410753,0.050548452668977145
cmv_status,prod_type,0.0,1.0
cmv_status,cyto_score_detail,0.060969061201854045,0.8049708040795562
cmv_status,conditioning_intensity,1.9889489353908456,0.15845082079240164
cmv_status,ethnicity,9.03795637260817,0.002644310746118862
cmv_status,year_hct,0.0,1.0
cmv_status,obesity,24.887415692222966,6.077787806651246e-07
cmv_status,mrd_hct,6.291956446869776,0.01212870990538005
cmv_status,in_vivo_tcd,0.062225789285412954,0.8030119581246067
cmv_status,tce_match,32.55663719546273,1.1576909778854288e-08
cmv_status,hla_match_a_high,0.10083435906082566,0.7508306587872262
cmv_status,hepatic_severe,47.53312964436562,5.408218370556086e-12
cmv_status,donor_age,15.395206148065794,8.720925773572181e-05
cmv_status,prior_tumor,31.16281489113157,2.3726782647315682e-08
cmv_status,hla_match_b_low,0.08227286346393531,0.7742406028043919
cmv_status,peptic_ulcer,24.58762341932847,7.100632439840099e-07
cmv_status,hla_match_a_low,0.32017126942997204,0.5715047364839622
cmv_status,gvhd_proph,4.301503724471881,0.038078690123484304
cmv_status,rheum_issue,34.02515480985093,5.44041641777247e-09
cmv_status,sex_match,1.3624792828716688,0.24310826200190508
cmv_status,hla_match_b_high,0.40161456091325165,0.5262566062734053
cmv_status,race_group,0.0,1.0
cmv_status,comorbidity_score,22.276744572048287,2.3604805366662086e-06
cmv_status,karnofsky_score,8.393831017465569,0.00376496558363459
cmv_status,hepatic_mild,23.830355759486835,1.0521010577617263e-06
cmv_status,tce_div_match,20.12887485369479,7.239542686320317e-06
cmv_status,donor_related,19.0215921034933,1.2924761409752434e-05
cmv_status,melphalan_dose,39.1679337420623,3.888748260789678e-10
cmv_status,hla_low_res_8,6.472959142245017,0.010952801243711457
cmv_status,hla_match_drb1_high,0.08227862470035625,0.7742329128475355
cmv_status,pulm_moderate,37.99207211066077,7.103267868391756e-10
cmv_status,hla_low_res_10,8.73875825343628,0.0031151658549999277
cmv_status,efs,0.0,1.0
cmv_status,efs_time,0.0,1.0
hla_high_res_10,psych_disturb,18.636770686282738,1.5814079158859624e-05
hla_high_res_10,hla_match_c_high,16617.095986334865,0.0
hla_high_res_10,hla_high_res_8,22070.3671701306,0.0
hla_high_res_10,tbi_status,0.0,1.0
hla_high_res_10,hla_low_res_6,10769.44875887897,0.0
hla_high_res_10,vent_hist,24.220639093559964,8.590673395837958e-07
hla_high_res_10,renal_issue,12.342845012297275,0.00044267986286142404
hla_high_res_10,pulm_severe,17.108127732767958,3.531086865089272e-05
hla_high_res_10,prim_disease_hct,0.0,1.0
hla_high_res_10,hla_high_res_6,19542.698518941386,0.0
hla_high_res_10,hla_match_dqb1_high,19158.998286769052,0.0
hla_high_res_10,tce_imm_match,8127.7680205813485,0.0
hla_high_res_10,hla_nmdp_6,12741.261323814708,0.0
hla_high_res_10,hla_match_c_low,9134.141552078006,0.0
hla_high_res_10,rituximab,18.66336079210407,1.5595059449484912e-05
hla_high_res_10,hla_match_drb1_low,8609.735370364371,0.0
hla_high_res_10,hla_match_dqb1_low,12729.158537639529,0.0
hla_high_res_10,prod_type,0.0,1.0
hla_high_res_10,year_hct,0.0,1.0
hla_high_res_10,obesity,15.312703862424163,9.11017892935063e-05
hla_high_res_10,mrd_hct,47.72579564709504,4.901990446078246e-12
hla_high_res_10,in_vivo_tcd,43.38029876771965,4.5070314639172715e-11
hla_high_res_10,tce_match,2856.7143460698553,0.0
hla_high_res_10,hla_match_a_high,15267.96841039995,0.0
hla_high_res_10,prior_tumor,7.530804404150474,0.006065282004268095
hla_high_res_10,hla_match_b_low,8413.08375264407,0.0
hla_high_res_10,peptic_ulcer,23.128567507781316,1.515226983005493e-06
hla_high_res_10,hla_match_a_low,7737.373541209949,0.0
hla_high_res_10,rheum_issue,21.751698100296615,3.1031507836854573e-06
hla_high_res_10,sex_match,42.9987747907883,5.4774156625415135e-11
hla_high_res_10,hla_match_b_high,14386.533312264564,0.0
hla_high_res_10,race_group,0.0,1.0
hla_high_res_10,karnofsky_score,66.1450575774378,4.189288118279456e-16
hla_high_res_10,tce_div_match,8138.394562526164,0.0
hla_high_res_10,melphalan_dose,16.43025787966311,5.047308919144294e-05
hla_high_res_10,hla_low_res_8,12077.374529616165,0.0
hla_high_res_10,hla_match_drb1_high,11454.403121696796,0.0
hla_high_res_10,pulm_moderate,28.35881080645147,1.0078704034118978e-07
hla_high_res_10,hla_low_res_10,15879.038811907049,0.0
hla_match_dqb1_high,psych_disturb,15.505712225498453,8.225630666854559e-05
hla_match_dqb1_high,tbi_status,0.0,1.0
hla_match_dqb1_high,vent_hist,13.624925980045191,0.0002232022841701231
hla_match_dqb1_high,renal_issue,10.945989213522523,0.0009380645114599164
hla_match_dqb1_high,pulm_severe,9.637865097393073,0.0019060665099860572
hla_match_dqb1_high,prim_disease_hct,0.0,1.0
hla_match_dqb1_high,tce_imm_match,6379.638225292681,0.0
hla_match_dqb1_high,hla_nmdp_6,10849.453452456557,0.0
hla_match_dqb1_high,rituximab,21.623661679166045,3.317340524375667e-06
hla_match_dqb1_high,hla_match_drb1_low,10580.87359464957,0.0
hla_match_dqb1_high,hla_match_dqb1_low,17393.00048843103,0.0
hla_match_dqb1_high,prod_type,0.0,1.0
hla_match_dqb1_high,year_hct,0.0,1.0
hla_match_dqb1_high,obesity,12.277354423536625,0.0004584878627758686
hla_match_dqb1_high,mrd_hct,36.40288217781631,1.6046575432377364e-09
hla_match_dqb1_high,in_vivo_tcd,27.039672267205315,1.9932231742297265e-07
hla_match_dqb1_high,tce_match,2132.6353960650385,0.0
hla_match_dqb1_high,prior_tumor,10.0980289023153,0.0014842799826426376
hla_match_dqb1_high,peptic_ulcer,19.436797010075892,1.0398417558516465e-05
hla_match_dqb1_high,rheum_issue,13.477466091272197,0.00024144564350229032
hla_match_dqb1_high,sex_match,32.72377282886279,1.0623001365970141e-08
hla_match_dqb1_high,race_group,0.0,1.0
hla_match_dqb1_high,karnofsky_score,49.30470312619268,2.1913648419240968e-12
hla_match_dqb1_high,tce_div_match,6314.248787504297,0.0
hla_match_dqb1_high,melphalan_dose,18.12894104918894,2.0643981995421314e-05
hla_match_dqb1_high,hla_match_drb1_high,9811.452814962631,0.0
hla_match_dqb1_high,pulm_moderate,19.45330528501233,1.0308928615872078e-05
tce_imm_match,vent_hist,1.1538621378038803,0.28274212595510345
tce_imm_match,year_hct,0.0,1.0
tce_imm_match,tce_match,6505.1887079355865,0.0
hla_nmdp_6,psych_disturb,7.76068767081675,0.005339562696735149
hla_nmdp_6,tbi_status,0.0,1.0
hla_nmdp_6,vent_hist,19.17995317390802,1.1895610162196819e-05
hla_nmdp_6,renal_issue,2.6814542688500618,0.10152297786988362
hla_nmdp_6,pulm_severe,0.220616103433312,0.6385708789476098
hla_nmdp_6,prim_disease_hct,0.0,1.0
hla_nmdp_6,tce_imm_match,4459.135487411071,0.0
hla_nmdp_6,rituximab,10.2947899620859,0.0013340633779228396
hla_nmdp_6,prod_type,0.0,1.0
hla_nmdp_6,year_hct,0.0,1.0
hla_nmdp_6,obesity,10.745700796819055,0.0010452185233147317
hla_nmdp_6,mrd_hct,113.45813497352945,1.7125937855947243e-26
hla_nmdp_6,in_vivo_tcd,29.66035999187543,5.147677581041677e-08
hla_nmdp_6,tce_match,1692.3762273211596,0.0
hla_nmdp_6,prior_tumor,2.4527700882392045,0.11731766965500444
hla_nmdp_6,peptic_ulcer,8.697234625292069,0.0031869317390921252
hla_nmdp_6,rheum_issue,3.4351125758977035,0.06382423532133652
hla_nmdp_6,sex_match,11.767007761616993,0.0006028981660426648
hla_nmdp_6,race_group,0.0,1.0
hla_nmdp_6,karnofsky_score,12.834001629474379,0.0003403770262520041
hla_nmdp_6,tce_div_match,4406.957359313026,0.0
hla_nmdp_6,melphalan_dose,3.985426769472152,0.04589547283648273
hla_nmdp_6,pulm_moderate,5.231879861885466,0.022176551702567795
hla_match_c_low,psych_disturb,25.946684198413678,3.5097776564406445e-07
hla_match_c_low,tbi_status,0.0,1.0
hla_match_c_low,vent_hist,11.821916150025586,0.0005853758677269137
hla_match_c_low,renal_issue,16.137599761235293,5.890294572702182e-05
hla_match_c_low,pulm_severe,12.694570367180877,0.00036671884877734434
hla_match_c_low,prim_disease_hct,0.0,1.0
hla_match_c_low,hla_match_dqb1_high,10847.57755239689,0.0
hla_match_c_low,tce_imm_match,4658.959535146784,0.0
hla_match_c_low,hla_nmdp_6,11781.139489757586,0.0
hla_match_c_low,rituximab,23.968615730241048,9.79189055642153e-07
hla_match_c_low,hla_match_drb1_low,16324.285396222029,0.0
hla_match_c_low,hla_match_dqb1_low,11803.950333317796,0.0
hla_match_c_low,prod_type,0.0,1.0
hla_match_c_low,year_hct,0.0,1.0
hla_match_c_low,obesity,26.83744894159095,2.213069642766775e-07
hla_match_c_low,mrd_hct,130.76269221809335,2.790488795768836e-30
hla_match_c_low,in_vivo_tcd,14.10589460932768,0.00017280141394109864
hla_match_c_low,tce_match,1461.1658083378652,0.0
hla_match_c_low,prior_tumor,8.024415887622435,0.004615090744002846
hla_match_c_low,peptic_ulcer,27.64122542589761,1.460329962182189e-07
hla_match_c_low,rheum_issue,27.88031072256204,1.290563773976168e-07
hla_match_c_low,sex_match,11.454239819489551,0.0007133106318368762
hla_match_c_low,race_group,0.0,1.0
hla_match_c_low,karnofsky_score,7.7242655710895285,0.0054483518280977776
hla_match_c_low,tce_div_match,4540.007594953257,0.0
hla_match_c_low,melphalan_dose,9.229189929853934,0.002381870036106677
hla_match_c_low,hla_match_drb1_high,11721.505971195962,0.0
hla_match_c_low,pulm_moderate,28.930221891971833,7.503303483160449e-08
rituximab,tbi_status,0.0,1.0
rituximab,vent_hist,35.797812477564946,2.188935331779284e-09
rituximab,tce_imm_match,6.93233890213536,0.008465091564948136
rituximab,year_hct,0.0,1.0
rituximab,tce_match,18.033417655392682,2.170610409744586e-05
rituximab,sex_match,8.11215224123824,0.0043969491448536445
rituximab,tce_div_match,9.599334869465821,0.0019464786262857795
hla_match_drb1_low,psych_disturb,43.45469491355436,4.338893921211616e-11
hla_match_drb1_low,tbi_status,0.0,1.0
hla_match_drb1_low,vent_hist,11.567929558437037,0.0006709909022233435
hla_match_drb1_low,renal_issue,20.86609737127586,4.9253543266602325e-06
hla_match_drb1_low,pulm_severe,20.115663309241,7.289722707622164e-06
hla_match_drb1_low,prim_disease_hct,0.0,1.0
hla_match_drb1_low,tce_imm_match,4170.791897988849,0.0
hla_match_drb1_low,hla_nmdp_6,13309.531823355772,0.0
hla_match_drb1_low,rituximab,38.02852152354723,6.971798302173169e-10
hla_match_drb1_low,prod_type,0.0,1.0
hla_match_drb1_low,year_hct,0.0,1.0
hla_match_drb1_low,obesity,40.822772643227694,1.6667940269868758e-10
hla_match_drb1_low,mrd_hct,95.52146497260222,1.4629642300992974e-22
hla_match_drb1_low,in_vivo_tcd,19.09933802767945,1.2408791959384672e-05
hla_match_drb1_low,tce_match,1350.6730387207467,1.1000697278958083e-295
hla_match_drb1_low,prior_tumor,20.14360551865098,7.184001479377294e-06
hla_match_drb1_low,peptic_ulcer,47.34209729803089,5.961799065210113e-12
hla_match_drb1_low,rheum_issue,36.33256750886101,1.6636057331394914e-09
hla_match_drb1_low,sex_match,12.702648819678409,0.00036513799221711026
hla_match_drb1_low,race_group,0.0,1.0
hla_match_drb1_low,karnofsky_score,9.362553816466983,0.0022146336100279922
hla_match_drb1_low,tce_div_match,4049.934712358006,0.0
hla_match_drb1_low,melphalan_dose,13.349449908675199,0.00025849843927152764
hla_match_drb1_low,pulm_moderate,38.03909617871321,6.934114453697563e-10
hla_match_dqb1_low,psych_disturb,10.171750872989925,0.0014260878511880564
hla_match_dqb1_low,tbi_status,0.0,1.0
hla_match_dqb1_low,vent_hist,14.858652813064019,0.0001158752685830259
hla_match_dqb1_low,renal_issue,6.03196167632107,0.014049111384598542
hla_match_dqb1_low,pulm_severe,4.587802558219454,0.03220027202898212
hla_match_dqb1_low,prim_disease_hct,0.0,1.0
hla_match_dqb1_low,tce_imm_match,5770.175240987997,0.0
hla_match_dqb1_low,hla_nmdp_6,9041.558448058893,0.0
hla_match_dqb1_low,rituximab,7.720707828268326,0.005459098882001975
hla_match_dqb1_low,hla_match_drb1_low,11098.346009050503,0.0
hla_match_dqb1_low,prod_type,0.0,1.0
hla_match_dqb1_low,year_hct,0.0,1.0
hla_match_dqb1_low,obesity,7.474132564752546,0.006259171432473404
hla_match_dqb1_low,mrd_hct,56.54969454964336,5.479589721390688e-14
hla_match_dqb1_low,in_vivo_tcd,12.636234549315983,0.0003783412743619529
hla_match_dqb1_low,tce_match,1799.3830067224671,0.0
hla_match_dqb1_low,prior_tumor,4.620796766671795,0.031586562619725596
hla_match_dqb1_low,peptic_ulcer,11.470050578583223,0.0007072675568531526
hla_match_dqb1_low,rheum_issue,7.573220585464121,0.005924183526464885
hla_match_dqb1_low,sex_match,28.893291566785745,7.647732472138383e-08
hla_match_dqb1_low,race_group,0.0,1.0
hla_match_dqb1_low,karnofsky_score,32.943125511898714,9.489470435742376e-09
hla_match_dqb1_low,tce_div_match,5622.878942665682,0.0
hla_match_dqb1_low,melphalan_dose,9.57278155274679,0.0019748334321172986
hla_match_dqb1_low,hla_match_drb1_high,8437.90797099129,0.0
hla_match_dqb1_low,pulm_moderate,11.16963477513513,0.0008314699362323397
prod_type,psych_disturb,0.0,1.0
prod_type,tbi_status,0.0,1.0
prod_type,vent_hist,0.0,1.0
prod_type,renal_issue,0.0,1.0
prod_type,pulm_severe,0.0,1.0
prod_type,tce_imm_match,0.0,1.0
prod_type,rituximab,0.0,1.0
prod_type,year_hct,0.0,1.0
prod_type,tce_match,0.0,1.0
prod_type,rheum_issue,0.0,1.0
prod_type,sex_match,0.0,1.0
prod_type,race_group,0.0,1.0
prod_type,tce_div_match,0.0,1.0
prod_type,pulm_moderate,0.0,1.0
cyto_score_detail,dri_score,0.2850988168682304,0.5933785802878504
cyto_score_detail,psych_disturb,186.30635221011494,2.035238366669022e-42
cyto_score_detail,diabetes,192.45783626367069,9.24391910388849e-44
cyto_score_detail,hla_match_c_high,25.153890139364286,5.293276933347867e-07
cyto_score_detail,hla_high_res_8,12.625674705917397,0.00038048452569160824
cyto_score_detail,tbi_status,0.0,1.0
cyto_score_detail,hla_low_res_6,4.661865125398208,0.03083967387364909
cyto_score_detail,graft_type,0.0,1.0
cyto_score_detail,vent_hist,1.518572770758592,0.2178356033965044
cyto_score_detail,renal_issue,174.75107869207284,6.785235238104465e-40
cyto_score_detail,pulm_severe,160.43250907893832,9.102298760789212e-37
cyto_score_detail,prim_disease_hct,0.0,1.0
cyto_score_detail,hla_high_res_6,2.781797220199917,0.09534112648383423
cyto_score_detail,hla_high_res_10,0.9419336330341654,0.33178105636323524
cyto_score_detail,hla_match_dqb1_high,6.1687213709622295,0.013002855409923929
cyto_score_detail,tce_imm_match,114.47970699549519,1.0230789107244269e-26
cyto_score_detail,hla_nmdp_6,1.9353005046390632,0.16417970777033575
cyto_score_detail,hla_match_c_low,14.00691671855839,0.00018213938897308307
cyto_score_detail,rituximab,93.86434270024272,3.379069097908318e-22
cyto_score_detail,hla_match_drb1_low,8.338219105220961,0.003881963193448169
cyto_score_detail,hla_match_dqb1_low,20.898852074251696,4.841846663518227e-06
cyto_score_detail,prod_type,0.0,1.0
cyto_score_detail,ethnicity,8.051185810371443,0.004547387966733569
cyto_score_detail,year_hct,0.0,1.0
cyto_score_detail,obesity,123.07874451927401,1.3402292937740902e-28
cyto_score_detail,mrd_hct,1541.0313475989255,0.0
cyto_score_detail,in_vivo_tcd,0.050173325029646,0.8227619493656624
cyto_score_detail,tce_match,38.66494667993002,5.031646752346631e-10
cyto_score_detail,hla_match_a_high,5.350782898504705,0.020712968199149737
cyto_score_detail,hepatic_severe,168.06940592740995,1.9536253361760625e-38
cyto_score_detail,donor_age,588.8360135908778,4.488411985196155e-130
cyto_score_detail,prior_tumor,152.98920781950383,3.8515143632682426e-35
cyto_score_detail,hla_match_b_low,6.867341678822198,0.008778513887314529
cyto_score_detail,peptic_ulcer,146.83349984018568,8.533537998077198e-34
cyto_score_detail,hla_match_a_low,4.505247842241866,0.033790998900976484
cyto_score_detail,gvhd_proph,0.03372874474545215,0.8542849979930034
cyto_score_detail,rheum_issue,142.6603990585394,6.974027117314995e-33
cyto_score_detail,sex_match,1.4541964744528038,0.2278557845174961
cyto_score_detail,hla_match_b_high,0.8002740190619795,0.37101145495934995
cyto_score_detail,race_group,0.0,1.0
cyto_score_detail,karnofsky_score,71.91418087150436,2.247628737419582e-17
cyto_score_detail,hepatic_mild,131.7181598906069,1.7244294682771874e-30
cyto_score_detail,tce_div_match,106.91197655657771,4.653876512037846e-25
cyto_score_detail,donor_related,7.501875062745661,0.006163478948009716
cyto_score_detail,melphalan_dose,5.225223859024956,0.022261580795105276
cyto_score_detail,hla_low_res_8,8.232800856764195,0.00411399910906669
cyto_score_detail,hla_match_drb1_high,2.2495369683183366,0.13365438972366162
cyto_score_detail,pulm_moderate,125.84552954177194,3.3237368967410497e-29
cyto_score_detail,hla_low_res_10,16.938630658416333,3.860784730455953e-05
cyto_score_detail,efs,0.0,1.0
cyto_score_detail,efs_time,0.0,1.0
conditioning_intensity,dri_score,0.0,1.0
conditioning_intensity,psych_disturb,56.43120042561226,5.819951188563346e-14
conditioning_intensity,cyto_score,10560.025511192784,0.0
conditioning_intensity,diabetes,66.82491416578554,2.9672422721357693e-16
conditioning_intensity,hla_match_c_high,0.4037838529648015,0.5251415591984985
conditioning_intensity,hla_high_res_8,3.394305025397449,0.06542192726395094
conditioning_intensity,tbi_status,0.0,1.0
conditioning_intensity,hla_low_res_6,50.354086502020905,1.2836252522462893e-12
conditioning_intensity,graft_type,0.0,1.0
conditioning_intensity,vent_hist,0.5863497723558804,0.44383412057949034
conditioning_intensity,renal_issue,65.01416621656705,7.436156277935792e-16
conditioning_intensity,pulm_severe,40.628897844344394,1.840643089416216e-10
conditioning_intensity,prim_disease_hct,0.0,1.0
conditioning_intensity,hla_high_res_6,14.196209390830592,0.00016470196807265173
conditioning_intensity,hla_high_res_10,7.260325587027787,0.007049450966790499
conditioning_intensity,hla_match_dqb1_high,30.862528695117554,2.7696825092624502e-08
conditioning_intensity,tce_imm_match,59.95441281825079,9.708009451991521e-15
conditioning_intensity,hla_nmdp_6,31.63512038371229,1.8603454559873055e-08
conditioning_intensity,hla_match_c_low,87.48820616840567,8.4783848952456e-21
conditioning_intensity,rituximab,31.16925644460462,2.3648179227002843e-08
conditioning_intensity,hla_match_drb1_low,57.21841070312252,3.900031900558424e-14
conditioning_intensity,hla_match_dqb1_low,67.33974062266174,2.285281423944753e-16
conditioning_intensity,prod_type,0.0,1.0
conditioning_intensity,cyto_score_detail,6482.830092799744,0.0
conditioning_intensity,ethnicity,2.497098065092768,0.11405628908910932
conditioning_intensity,year_hct,0.0,1.0
conditioning_intensity,obesity,27.35437435658825,1.6938084693861814e-07
conditioning_intensity,mrd_hct,2994.634441710691,0.0
conditioning_intensity,in_vivo_tcd,0.14059057422034404,0.7076946061086034
conditioning_intensity,tce_match,2.2343341551137472,0.13497475757998786
conditioning_intensity,hla_match_a_high,11.8998481769848,0.0005613851965004926
conditioning_intensity,hepatic_severe,60.985864922191965,5.74860743912128e-15
conditioning_intensity,donor_age,1630.3085807896055,0.0
conditioning_intensity,prior_tumor,49.87184217964982,1.6412313965511309e-12
conditioning_intensity,hla_match_b_low,55.44918829636636,9.590629589635023e-14
conditioning_intensity,peptic_ulcer,38.49424659891308,5.491533499857743e-10
conditioning_intensity,hla_match_a_low,45.76511921529622,1.3331639829085702e-11
conditioning_intensity,gvhd_proph,0.03810336075006337,0.8452357358951866
conditioning_intensity,rheum_issue,39.0425672636496,4.146648400366209e-10
conditioning_intensity,sex_match,0.6697159969292247,0.41315064094170884
conditioning_intensity,hla_match_b_high,35.97817018882135,1.995405644656587e-09
conditioning_intensity,race_group,0.0,1.0
conditioning_intensity,karnofsky_score,199.6928157145848,2.437062322788999e-45
conditioning_intensity,hepatic_mild,30.699458368508722,3.012491274250972e-08
conditioning_intensity,tce_div_match,71.63551244692306,2.5885570053039016e-17
conditioning_intensity,donor_related,2.773561080517686,0.09583274475276625
conditioning_intensity,melphalan_dose,0.3567463597796867,0.5503188002524186
conditioning_intensity,hla_low_res_8,60.777980828409994,6.38885456243399e-15
conditioning_intensity,hla_match_drb1_high,33.84480697117449,5.96882019910858e-09
conditioning_intensity,pulm_moderate,29.299475404941898,6.201247790734722e-08
conditioning_intensity,hla_low_res_10,55.72737146759319,8.325104798293641e-14
conditioning_intensity,efs,0.0,1.0
conditioning_intensity,efs_time,0.0,1.0
ethnicity,psych_disturb,16.975136964898226,3.787253606003889e-05
ethnicity,hla_match_c_high,42.446097467397635,7.265724042915414e-11
ethnicity,hla_high_res_8,52.32418881014162,4.70542708742278e-13
ethnicity,tbi_status,0.0,1.0
ethnicity,hla_low_res_6,42.93782096961987,5.65075902303124e-11
ethnicity,graft_type,0.0,1.0
ethnicity,vent_hist,0.009536870111207624,0.922204740746182
ethnicity,renal_issue,26.008517601459843,3.399143803483562e-07
ethnicity,pulm_severe,19.84208190974373,8.411041386637696e-06
ethnicity,prim_disease_hct,0.0,1.0
ethnicity,hla_high_res_6,61.524505738306985,4.372668993824181e-15
ethnicity,hla_high_res_10,41.161894499927655,1.401279167205081e-10
ethnicity,hla_match_dqb1_high,30.020082264098654,4.275949350701129e-08
ethnicity,tce_imm_match,5.993450531106155,0.014359087668859684
ethnicity,hla_nmdp_6,45.31656181737502,1.676256149374094e-11
ethnicity,hla_match_c_low,48.41162906284818,3.4551316738535893e-12
ethnicity,rituximab,25.350174849801995,4.781090481053359e-07
ethnicity,hla_match_drb1_low,34.443698309963224,4.387610393652906e-09
ethnicity,hla_match_dqb1_low,22.38381564383187,2.2324736797865537e-06
ethnicity,prod_type,0.0,1.0
ethnicity,year_hct,0.0,1.0
ethnicity,obesity,19.906395899577635,8.132778774017993e-06
ethnicity,mrd_hct,9.117032172316666,0.002532404744041396
ethnicity,in_vivo_tcd,5.417546998102205,0.019935348842212496
ethnicity,tce_match,0.21958157029651498,0.6393589258958889
ethnicity,hla_match_a_high,57.54685035021874,3.3002396368326883e-14
ethnicity,hepatic_severe,28.164188360443656,1.1144766964227903e-07
ethnicity,prior_tumor,13.059599911794546,0.0003017338821126428
ethnicity,hla_match_b_low,31.31195055236406,2.1972295696654587e-08
ethnicity,peptic_ulcer,24.907863754054432,6.013662211777217e-07
ethnicity,hla_match_a_low,43.81443381625125,3.610326211523952e-11
ethnicity,gvhd_proph,0.18744468054883362,0.6650519519587927
ethnicity,rheum_issue,15.522911598684855,8.151128667665668e-05
ethnicity,sex_match,3.3839842407787972,0.06583273178563528
ethnicity,hla_match_b_high,38.873741330752935,4.521215929547835e-10
ethnicity,race_group,0.0,1.0
ethnicity,karnofsky_score,2.7188370050058497,0.09917024842558701
ethnicity,hepatic_mild,15.362211054793685,8.874550448906697e-05
ethnicity,tce_div_match,5.794675710014084,0.01607477963505697
ethnicity,melphalan_dose,10.656905188247705,0.0010966072756489402
ethnicity,hla_low_res_8,52.90299179068968,3.504353633300878e-13
ethnicity,hla_match_drb1_high,51.48627201893971,7.20995002107463e-13
ethnicity,pulm_moderate,26.59850627109973,2.5043730320185803e-07
ethnicity,hla_low_res_10,39.38069107399239,3.487283612262367e-10
obesity,psych_disturb,10806.526909172511,0.0
obesity,tbi_status,0.0,1.0
obesity,vent_hist,41.33383435386223,1.2832834123880857e-10
obesity,renal_issue,11276.587249956883,0.0
obesity,pulm_severe,10514.436730346853,0.0
obesity,prim_disease_hct,0.0,1.0
obesity,tce_imm_match,1.5759262015740605,0.20934846849120103
obesity,rituximab,7441.0344327982875,0.0
obesity,prod_type,0.0,1.0
obesity,year_hct,0.0,1.0
obesity,tce_match,6.115255302068198,0.013402005448936969
obesity,prior_tumor,9682.386647019011,0.0
obesity,peptic_ulcer,10983.10256209594,0.0
obesity,rheum_issue,11366.941390276057,0.0
obesity,sex_match,12.372499354072247,0.0004357039619939685
obesity,race_group,0.0,1.0
obesity,tce_div_match,0.301910772777527,0.5826870101981352
obesity,pulm_moderate,8702.565061655785,0.0
mrd_hct,psych_disturb,18.983391652191834,1.3186123112290535e-05
mrd_hct,tbi_status,0.0,1.0
mrd_hct,vent_hist,3.019998287441224,0.08224355299617336
mrd_hct,renal_issue,14.998848095402739,0.00010757682234804784
mrd_hct,pulm_severe,9.33689532279162,0.0022458568982226474
mrd_hct,prim_disease_hct,0.0,1.0
mrd_hct,tce_imm_match,3.7162125622826543,0.0538864717046745
mrd_hct,rituximab,3.873355660379288,0.049058343403026
mrd_hct,prod_type,0.0,1.0
mrd_hct,year_hct,0.0,1.0
mrd_hct,obesity,15.956282444589558,6.482228479876339e-05
mrd_hct,tce_match,13.426594915154757,0.0002480820083689073
mrd_hct,prior_tumor,2.907419807370145,0.08817283401300637
mrd_hct,peptic_ulcer,15.462704121910118,8.414940131902933e-05
mrd_hct,rheum_issue,24.32552574532722,8.135382394344391e-07
mrd_hct,sex_match,0.0,1.0
mrd_hct,race_group,0.0,1.0
mrd_hct,tce_div_match,0.8659257769790931,0.35208570066949707
mrd_hct,pulm_moderate,26.94172641954693,2.0968279858939413e-07
in_vivo_tcd,psych_disturb,20.380813125678504,6.3462910392745224e-06
in_vivo_tcd,tbi_status,0.0,1.0
in_vivo_tcd,vent_hist,0.11415093870034367,0.735466953349107
in_vivo_tcd,renal_issue,39.98602296068285,2.557865951866394e-10
in_vivo_tcd,pulm_severe,28.290702134104944,1.0439622593681825e-07
in_vivo_tcd,prim_disease_hct,0.0,1.0
in_vivo_tcd,tce_imm_match,13.289030736964715,0.0002669634612706566
in_vivo_tcd,rituximab,46.331557225607064,9.984287509432302e-12
in_vivo_tcd,prod_type,0.0,1.0
in_vivo_tcd,year_hct,0.0,1.0
in_vivo_tcd,obesity,30.452542006751575,3.421347125220532e-08
in_vivo_tcd,mrd_hct,0.0,1.0
in_vivo_tcd,tce_match,14.6447337690552,0.0001297967995219036
in_vivo_tcd,prior_tumor,24.690246093969513,6.732403876364622e-07
in_vivo_tcd,peptic_ulcer,38.16054137267926,6.515678709179302e-10
in_vivo_tcd,rheum_issue,29.407670527886317,5.864506298800173e-08
in_vivo_tcd,sex_match,0.10597746606938652,0.7447710491525159
in_vivo_tcd,race_group,0.0,1.0
in_vivo_tcd,karnofsky_score,1.1172510617920233,0.29051114231809994
in_vivo_tcd,tce_div_match,13.124236715157075,0.0002915000928315505
in_vivo_tcd,melphalan_dose,8.75484676388764,0.0030878031709932635
in_vivo_tcd,pulm_moderate,25.818768249530084,3.7502400889863744e-07
tce_match,vent_hist,6.046927438410224,0.013930517276576172
tce_match,year_hct,0.0,1.0
hla_match_a_high,psych_disturb,0.7427081340585613,0.3887947448841764
hla_match_a_high,hla_match_c_high,17847.248976138002,0.0
hla_match_a_high,tbi_status,0.0,1.0
hla_match_a_high,vent_hist,15.971843032184108,6.429162839068141e-05
hla_match_a_high,renal_issue,2.860261487415954,0.09079273807652558
hla_match_a_high,pulm_severe,4.165242838987324,0.04126149781459222
hla_match_a_high,prim_disease_hct,0.0,1.0
hla_match_a_high,hla_match_dqb1_high,10404.810164080049,0.0
hla_match_a_high,tce_imm_match,5557.860743311832,0.0
hla_match_a_high,hla_nmdp_6,16479.52251559344,0.0
hla_match_a_high,hla_match_c_low,12522.97302936501,0.0
hla_match_a_high,rituximab,0.3412435764304693,0.5591122841098185
hla_match_a_high,hla_match_drb1_low,12697.951830160124,0.0
hla_match_a_high,hla_match_dqb1_low,8779.874569952906,0.0
hla_match_a_high,prod_type,0.0,1.0
hla_match_a_high,year_hct,0.0,1.0
hla_match_a_high,obesity,0.19141086530796614,0.6617449516559892
hla_match_a_high,mrd_hct,82.87478707060362,8.741913922293613e-20
hla_match_a_high,in_vivo_tcd,20.138629892594953,7.202713815071513e-06
hla_match_a_high,tce_match,1801.8255017307347,0.0
hla_match_a_high,prior_tumor,6.48920693571279,0.010853138460640406
hla_match_a_high,hla_match_b_low,12750.519622129623,0.0
hla_match_a_high,peptic_ulcer,0.1620584279507434,0.687268400115823
hla_match_a_high,hla_match_a_low,12114.668045045686,0.0
hla_match_a_high,rheum_issue,0.3528515258427667,0.5525033720979531
hla_match_a_high,sex_match,11.599449099110409,0.0006597135878249049
hla_match_a_high,hla_match_b_high,17782.66045865983,0.0
hla_match_a_high,race_group,0.0,1.0
hla_match_a_high,karnofsky_score,11.806844916931423,0.0005901335393361322
hla_match_a_high,tce_div_match,5545.447428824609,0.0
hla_match_a_high,melphalan_dose,0.12883385668357333,0.719644213354502
hla_match_a_high,hla_match_drb1_high,14863.864666545,0.0
hla_match_a_high,pulm_moderate,0.0,1.0
hepatic_severe,psych_disturb,11984.73562599426,0.0
hepatic_severe,hla_match_c_high,1.4745434601477996,0.2246302039660805
hepatic_severe,hla_high_res_8,0.8858893045906853,0.3465937037816065
hepatic_severe,tbi_status,0.0,1.0
hepatic_severe,hla_low_res_6,24.041429208071644,9.428500958039645e-07
hepatic_severe,vent_hist,45.634213230761816,1.425301741842385e-11
hepatic_severe,renal_issue,12715.926086625677,0.0
hepatic_severe,pulm_severe,12249.595192034543,0.0
hepatic_severe,prim_disease_hct,0.0,1.0
hepatic_severe,hla_high_res_6,0.14778239478060318,0.7006636532250199
hepatic_severe,hla_high_res_10,6.516355756945122,0.010688680448460856
hepatic_severe,hla_match_dqb1_high,2.366063659894444,0.12399936982563607
hepatic_severe,tce_imm_match,0.7601826156077767,0.3832713796074251
hepatic_severe,hla_nmdp_6,0.28227298714583854,0.5952152759668352
hepatic_severe,hla_match_c_low,10.211311198683838,0.0013958189931231081
hepatic_severe,rituximab,8447.39994879029,0.0
hepatic_severe,hla_match_drb1_low,13.154748082772162,0.0002867915898462865
hepatic_severe,hla_match_dqb1_low,0.2966561295045592,0.5859863611960885
hepatic_severe,prod_type,0.0,1.0
hepatic_severe,year_hct,0.0,1.0
hepatic_severe,obesity,11112.824069864775,0.0
hepatic_severe,mrd_hct,13.263126180744111,0.0002706778816551158
hepatic_severe,in_vivo_tcd,23.582309688743276,1.1968277892338478e-06
hepatic_severe,tce_match,22.21743088552264,2.4345351507264815e-06
hepatic_severe,hla_match_a_high,4.300536977745101,0.03810034134142986
hepatic_severe,prior_tumor,11234.997162679938,0.0
hepatic_severe,hla_match_b_low,12.944988545798964,0.00032077906116418216
hepatic_severe,peptic_ulcer,12562.503003154168,0.0
hepatic_severe,hla_match_a_low,10.412928443194204,0.001251361482792232
hepatic_severe,rheum_issue,12418.702397056622,0.0
hepatic_severe,sex_match,8.482454317335618,0.0035858800106852414
hepatic_severe,hla_match_b_high,1.533797764348209,0.215543361694451
hepatic_severe,race_group,0.0,1.0
hepatic_severe,karnofsky_score,0.4916597405755483,0.4831878649380307
hepatic_severe,tce_div_match,0.0905807772127803,0.7634401120534162
hepatic_severe,melphalan_dose,3729.19025076257,0.0
hepatic_severe,hla_low_res_8,29.953702655858343,4.424861244389102e-08
hepatic_severe,hla_match_drb1_high,1.9511810404714904,0.16245963920121798
hepatic_severe,pulm_moderate,9995.832093856166,0.0
hepatic_severe,hla_low_res_10,16.417795498597794,5.080600926855166e-05
donor_age,dri_score,1.9273845480207856,0.16504487273421045
donor_age,psych_disturb,2.258014585103459,0.13292438090310355
donor_age,hla_match_c_high,119.96836388279334,6.427763774463319e-28
donor_age,hla_high_res_8,91.91850193213082,9.032060215489772e-22
donor_age,tbi_status,0.0,1.0
donor_age,hla_low_res_6,63.682449667811916,1.461811163566015e-15
donor_age,graft_type,0.0,1.0
donor_age,vent_hist,2.196525295960715,0.13832222574346956
donor_age,renal_issue,2.9851444790329276,0.08403178773792981
donor_age,pulm_severe,2.6423835883966555,0.10404733209182264
donor_age,prim_disease_hct,0.0,1.0
donor_age,hla_high_res_6,59.386631230644134,1.2954616241412247e-14
donor_age,hla_high_res_10,162.4895010389913,3.234057566448829e-37
donor_age,hla_match_dqb1_high,164.58566183713233,1.126735322835093e-37
donor_age,tce_imm_match,316.46045824666106,8.548763111254027e-71
donor_age,hla_nmdp_6,30.355131670887012,3.597539664419083e-08
donor_age,hla_match_c_low,61.60814567191285,4.1908132321293085e-15
donor_age,rituximab,2.5728351273804115,0.10871273835064074
donor_age,hla_match_drb1_low,60.68447406730306,6.699646296387718e-15
donor_age,hla_match_dqb1_low,131.03545621613733,2.4322292727692663e-30
donor_age,prod_type,0.0,1.0
donor_age,ethnicity,0.20747522127682916,0.6487535379230767
donor_age,year_hct,0.0,1.0
donor_age,obesity,1.242030272279206,0.2650801293286187
donor_age,mrd_hct,149.3380333721864,2.4190895715620356e-34
donor_age,in_vivo_tcd,0.20103975454579212,0.6538828918631101
donor_age,tce_match,188.7390068280506,5.992158815602317e-43
donor_age,hla_match_a_high,61.96348353974553,3.498858016330545e-15
donor_age,hepatic_severe,5.120220149681726,0.023648616313759467
donor_age,prior_tumor,0.08681739309531489,0.7682628562424361
donor_age,hla_match_b_low,38.20779561655011,6.359783406292839e-10
donor_age,peptic_ulcer,3.499425520987584,0.061390121071136776
donor_age,hla_match_a_low,56.63889079366851,5.236585899333815e-14
donor_age,gvhd_proph,0.8672069885436832,0.3517296944769045
donor_age,rheum_issue,0.7673294748525913,0.38104447060520685
donor_age,sex_match,1.719317126033448,0.18978096956159474
donor_age,hla_match_b_high,43.60458172194397,4.0189701225491413e-11
donor_age,race_group,0.0,1.0
donor_age,karnofsky_score,40.581116323583046,1.8862075084687976e-10
donor_age,hepatic_mild,1.8206650151383421,0.17723413857141368
donor_age,tce_div_match,352.7930944963967,1.044504975786161e-78
donor_age,donor_related,0.21776110928621592,0.6407511614790564
donor_age,melphalan_dose,0.0,1.0
donor_age,hla_low_res_8,75.67670991237742,3.341255092778153e-18
donor_age,hla_match_drb1_high,20.705489557090115,5.356222540462897e-06
donor_age,pulm_moderate,0.438740454549007,0.507731011594198
donor_age,hla_low_res_10,147.93064566003557,4.912376726440235e-34
donor_age,efs,0.0,1.0
donor_age,efs_time,0.0,1.0
prior_tumor,psych_disturb,10563.303206221408,0.0
prior_tumor,tbi_status,0.0,1.0
prior_tumor,vent_hist,49.52451466456344,1.9590833753065263e-12
prior_tumor,renal_issue,11259.734129706734,0.0
prior_tumor,pulm_severe,10498.806646526968,0.0
prior_tumor,tce_imm_match,0.001919590124738948,0.9650533630523951
prior_tumor,rituximab,7548.290448761776,0.0
prior_tumor,prod_type,0.0,1.0
prior_tumor,year_hct,0.0,1.0
prior_tumor,tce_match,17.91116489319965,2.3145927806952384e-05
prior_tumor,rheum_issue,10817.617857735846,0.0
prior_tumor,sex_match,8.986959961130307,0.0027191298387073556
prior_tumor,race_group,0.0,1.0
prior_tumor,tce_div_match,1.3427067363767162,0.24655719331966594
prior_tumor,pulm_moderate,8563.513103353944,0.0
hla_match_b_low,psych_disturb,46.358260116718895,9.84914198912109e-12
hla_match_b_low,hla_match_c_high,12458.186913415562,0.0
hla_match_b_low,tbi_status,0.0,1.0
hla_match_b_low,vent_hist,16.316360285869546,5.3599197371585926e-05
hla_match_b_low,renal_issue,25.610073370549134,4.1785234312627056e-07
hla_match_b_low,pulm_severe,13.396714905927066,0.0002520653766076475
hla_match_b_low,prim_disease_hct,0.0,1.0
hla_match_b_low,hla_match_dqb1_high,10306.618139343187,0.0
hla_match_b_low,tce_imm_match,4060.668389521821,0.0
hla_match_b_low,hla_nmdp_6,13202.715116514872,0.0
hla_match_b_low,hla_match_c_low,16564.83925210837,0.0
hla_match_b_low,rituximab,34.13340300081306,5.14602822822927e-09
hla_match_b_low,hla_match_drb1_low,18324.72297636706,0.0
hla_match_b_low,hla_match_dqb1_low,10788.54575608827,0.0
hla_match_b_low,prod_type,0.0,1.0
hla_match_b_low,year_hct,0.0,1.0
hla_match_b_low,obesity,45.091062158999186,1.8808185917812686e-11
hla_match_b_low,mrd_hct,93.26017541613294,4.585260898503199e-22
hla_match_b_low,in_vivo_tcd,20.910662084304853,4.812086991287191e-06
hla_match_b_low,tce_match,1334.291311827184,3.993124618793016e-292
hla_match_b_low,prior_tumor,20.330123582310577,6.516650773444607e-06
hla_match_b_low,peptic_ulcer,51.327166246915866,7.818614463221616e-13
hla_match_b_low,rheum_issue,41.15612744177291,1.405419797133769e-10
hla_match_b_low,sex_match,21.52976129029724,3.483798766424501e-06
hla_match_b_low,race_group,0.0,1.0
hla_match_b_low,karnofsky_score,10.66225034995367,0.0010934427897294004
hla_match_b_low,tce_div_match,3939.201772352094,0.0
hla_match_b_low,melphalan_dose,15.782412342316174,7.106000737092452e-05
hla_match_b_low,hla_match_drb1_high,13708.396952113304,0.0
hla_match_b_low,pulm_moderate,41.6820399318393,1.0739098082452933e-10
peptic_ulcer,psych_disturb,12489.594306814415,0.0
peptic_ulcer,tbi_status,0.0,1.0
peptic_ulcer,vent_hist,31.008755716757435,2.5686704726778024e-08
peptic_ulcer,renal_issue,12796.358664715382,0.0
peptic_ulcer,pulm_severe,12093.227720968951,0.0
peptic_ulcer,prim_disease_hct,0.0,1.0
peptic_ulcer,tce_imm_match,0.342002442746453,0.5586756482749093
peptic_ulcer,rituximab,8663.621621748674,0.0
peptic_ulcer,prod_type,0.0,1.0
peptic_ulcer,year_hct,0.0,1.0
peptic_ulcer,tce_match,16.632647169178288,4.53634231216672e-05
peptic_ulcer,prior_tumor,10983.010841986352,0.0
peptic_ulcer,rheum_issue,12629.390352877732,0.0
peptic_ulcer,sex_match,15.527471378823371,8.131491307933351e-05
peptic_ulcer,race_group,0.0,1.0
peptic_ulcer,tce_div_match,1.5131647592615118,0.21865680658992956
peptic_ulcer,pulm_moderate,10166.48393316773,0.0
age_at_hct,dri_score,0.0,1.0
age_at_hct,psych_disturb,0.0,1.0
age_at_hct,cyto_score,0.0,1.0
age_at_hct,diabetes,0.0,1.0
age_at_hct,hla_match_c_high,0.0,1.0
age_at_hct,hla_high_res_8,0.0,1.0
age_at_hct,tbi_status,0.0,1.0
age_at_hct,arrhythmia,0.0,1.0
age_at_hct,hla_low_res_6,0.0,1.0
age_at_hct,graft_type,0.0,1.0
age_at_hct,vent_hist,0.0,1.0
age_at_hct,renal_issue,0.0,1.0
age_at_hct,pulm_severe,0.0,1.0
age_at_hct,prim_disease_hct,0.0,1.0
age_at_hct,hla_high_res_6,0.0,1.0
age_at_hct,cmv_status,0.0,1.0
age_at_hct,hla_high_res_10,0.0,1.0
age_at_hct,hla_match_dqb1_high,0.0,1.0
age_at_hct,tce_imm_match,0.0,1.0
age_at_hct,hla_nmdp_6,0.0,1.0
age_at_hct,hla_match_c_low,0.0,1.0
age_at_hct,rituximab,0.0,1.0
age_at_hct,hla_match_drb1_low,0.0,1.0
age_at_hct,hla_match_dqb1_low,0.0,1.0
age_at_hct,prod_type,0.0,1.0
age_at_hct,cyto_score_detail,0.0,1.0
age_at_hct,conditioning_intensity,0.0,1.0
age_at_hct,ethnicity,0.0,1.0
age_at_hct,year_hct,0.0,1.0
age_at_hct,obesity,0.0,1.0
age_at_hct,mrd_hct,0.0,1.0
age_at_hct,in_vivo_tcd,0.0,1.0
age_at_hct,tce_match,0.0,1.0
age_at_hct,hla_match_a_high,0.0,1.0
age_at_hct,hepatic_severe,0.0,1.0
age_at_hct,donor_age,0.0,1.0
age_at_hct,prior_tumor,0.0,1.0
age_at_hct,hla_match_b_low,0.0,1.0
age_at_hct,peptic_ulcer,0.0,1.0
age_at_hct,hla_match_a_low,0.0,1.0
age_at_hct,gvhd_proph,0.0,1.0
age_at_hct,rheum_issue,0.0,1.0
age_at_hct,sex_match,0.0,1.0
age_at_hct,hla_match_b_high,0.0,1.0
age_at_hct,race_group,0.0,1.0
age_at_hct,comorbidity_score,0.0,1.0
age_at_hct,karnofsky_score,0.0,1.0
age_at_hct,hepatic_mild,0.0,1.0
age_at_hct,tce_div_match,0.0,1.0
age_at_hct,donor_related,0.0,1.0
age_at_hct,melphalan_dose,0.0,1.0
age_at_hct,hla_low_res_8,0.0,1.0
age_at_hct,cardiac,0.0,1.0
age_at_hct,hla_match_drb1_high,0.0,1.0
age_at_hct,pulm_moderate,0.0,1.0
age_at_hct,hla_low_res_10,0.0,1.0
age_at_hct,efs,0.0,1.0
age_at_hct,efs_time,0.0,1.0
hla_match_a_low,psych_disturb,41.10367499266745,1.4436463826280408e-10
hla_match_a_low,hla_match_c_high,11495.854510828176,0.0
hla_match_a_low,tbi_status,0.0,1.0
hla_match_a_low,vent_hist,8.661031031449491,0.0032508730251143998
hla_match_a_low,renal_issue,21.103945314470423,4.350315332133237e-06
hla_match_a_low,pulm_severe,16.173341886816992,5.780185963255931e-05
hla_match_a_low,prim_disease_hct,0.0,1.0
hla_match_a_low,hla_match_dqb1_high,9619.87636512107,0.0
hla_match_a_low,tce_imm_match,3790.81448349923,0.0
hla_match_a_low,hla_nmdp_6,12451.809990254855,0.0
hla_match_a_low,hla_match_c_low,16197.11062300775,0.0
hla_match_a_low,rituximab,40.47338423029997,1.993126832658703e-10
hla_match_a_low,hla_match_drb1_low,17937.573435624774,0.0
hla_match_a_low,hla_match_dqb1_low,10050.256155048928,0.0
hla_match_a_low,prod_type,0.0,1.0
hla_match_a_low,year_hct,0.0,1.0
hla_match_a_low,obesity,34.05943009113386,5.345422138177504e-09
hla_match_a_low,mrd_hct,87.8447039236049,7.08005567521149e-21
hla_match_a_low,in_vivo_tcd,18.70913655355057,1.522512241277971e-05
hla_match_a_low,tce_match,1192.646939942561,2.417287416335025e-261
hla_match_a_low,prior_tumor,22.701708259717854,1.891995962468821e-06
hla_match_a_low,hla_match_b_low,17811.780943279737,0.0
hla_match_a_low,peptic_ulcer,35.85572698675247,2.124825376167752e-09
hla_match_a_low,rheum_issue,30.42040834611598,3.478492551302432e-08
hla_match_a_low,sex_match,8.377303085055605,0.0037993578828322888
hla_match_a_low,hla_match_b_high,12494.364103002454,0.0
hla_match_a_low,race_group,0.0,1.0
hla_match_a_low,karnofsky_score,20.525042808680208,5.885616646121602e-06
hla_match_a_low,tce_div_match,3706.845691314893,0.0
hla_match_a_low,melphalan_dose,23.51589026163761,1.2388634334896938e-06
hla_match_a_low,hla_match_drb1_high,13115.119676765355,0.0
hla_match_a_low,pulm_moderate,29.764022975329812,4.879638528636289e-08
gvhd_proph,psych_disturb,28.018972280835758,1.2013187482402237e-07
gvhd_proph,hla_match_c_high,0.0,1.0
gvhd_proph,hla_high_res_8,1.758584243579709,0.18480120247192872
gvhd_proph,tbi_status,0.0,1.0
gvhd_proph,hla_low_res_6,2.8150476813464542,0.09338412173935356
gvhd_proph,vent_hist,3.08275024967988,0.07912662073793401
gvhd_proph,renal_issue,15.254665673905729,9.394439961066098e-05
gvhd_proph,pulm_severe,18.464491802040804,1.730995064350045e-05
gvhd_proph,prim_disease_hct,0.0,1.0
gvhd_proph,hla_high_res_6,1.5581398996240496,0.21193778268066849
gvhd_proph,hla_high_res_10,6.557502828738263,0.010444283101776433
gvhd_proph,hla_match_dqb1_high,5.835974694768677,0.01570170848192648
gvhd_proph,tce_imm_match,0.005175631579684636,0.9426481748853219
gvhd_proph,hla_nmdp_6,8.881490838869231,0.0028807620918552723
gvhd_proph,hla_match_c_low,0.13476715410573678,0.7135396076775501
gvhd_proph,rituximab,20.37561779816448,6.363544125530348e-06
gvhd_proph,hla_match_drb1_low,1.84020966224122,0.1749263755415418
gvhd_proph,hla_match_dqb1_low,4.148516162694736,0.04167102541827605
gvhd_proph,prod_type,0.0,1.0
gvhd_proph,year_hct,0.0,1.0
gvhd_proph,obesity,30.452542006751575,3.421347125220532e-08
gvhd_proph,mrd_hct,3.0225095963941375,0.08211630243834939
gvhd_proph,in_vivo_tcd,0.0,1.0
gvhd_proph,tce_match,1.3069013727246133,0.2529564459426994
gvhd_proph,hla_match_a_high,0.1270818456941392,0.721477078461989
gvhd_proph,hepatic_severe,21.018624268127887,4.548404262522453e-06
gvhd_proph,prior_tumor,30.69577854680466,3.018209764883725e-08
gvhd_proph,hla_match_b_low,0.6613445535010329,0.41608566630403876
gvhd_proph,peptic_ulcer,29.74120166651278,4.9374205735962276e-08
gvhd_proph,hla_match_a_low,1.3721431277279275,0.24144400577260466
gvhd_proph,rheum_issue,21.75544147294505,3.0971018298435687e-06
gvhd_proph,sex_match,1.0646153435737942,0.3021648875370947
gvhd_proph,hla_match_b_high,0.2415002984558548,0.6231246139869586
gvhd_proph,race_group,0.0,1.0
gvhd_proph,karnofsky_score,1.1172510617920233,0.29051114231809994
gvhd_proph,hepatic_mild,11.307223240075292,0.0007720614691077294
gvhd_proph,tce_div_match,0.5731308250233215,0.4490174852094422
gvhd_proph,melphalan_dose,7.012786850372885,0.008092960856419907
gvhd_proph,hla_low_res_8,1.9597845107299512,0.16153636652999925
gvhd_proph,hla_match_drb1_high,4.632111055961399,0.031378931506243844
gvhd_proph,pulm_moderate,18.488319118494648,1.709488112781982e-05
gvhd_proph,hla_low_res_10,4.404881656575881,0.03583621109221845
rheum_issue,tbi_status,0.0,1.0
rheum_issue,vent_hist,56.48194501260422,5.6716769829164034e-14
rheum_issue,tce_imm_match,2.3645486753315863,0.12411980543315146
rheum_issue,rituximab,8449.042145338846,0.0
rheum_issue,year_hct,0.0,1.0
rheum_issue,tce_match,13.997421674825588,0.00018306148773425634
rheum_issue,sex_match,6.33864407994015,0.011813515414376285
rheum_issue,tce_div_match,3.2668022796415705,0.0706952997650694
sex_match,tbi_status,0.0,1.0
sex_match,vent_hist,0.010130876390403243,0.9198265139845145
sex_match,tce_imm_match,10.6917045536812,0.0010761700289908574
sex_match,year_hct,0.0,1.0
sex_match,tce_match,1.2002608869702185,0.27326954163111666
sex_match,tce_div_match,5.3699740525958894,0.02048628230500115
hla_match_b_high,psych_disturb,0.0,1.0
hla_match_b_high,hla_match_c_high,17249.8939701282,0.0
hla_match_b_high,tbi_status,0.0,1.0
hla_match_b_high,vent_hist,15.113481621228036,0.00010123771645517266
hla_match_b_high,renal_issue,2.2888048142577047,0.13031023369363395
hla_match_b_high,pulm_severe,1.0045176616962235,0.31621982964882756
hla_match_b_high,prim_disease_hct,0.0,1.0
hla_match_b_high,hla_match_dqb1_high,10288.024631805347,0.0
hla_match_b_high,tce_imm_match,5625.8747725267185,0.0
hla_match_b_high,hla_nmdp_6,16139.196271329145,0.0
hla_match_b_high,hla_match_c_low,12941.140459257938,0.0
hla_match_b_high,rituximab,0.12968433419051045,0.7187595567437465
hla_match_b_high,hla_match_drb1_low,13171.112742370398,0.0
hla_match_b_high,hla_match_dqb1_low,8921.23225078302,0.0
hla_match_b_high,prod_type,0.0,1.0
hla_match_b_high,year_hct,0.0,1.0
hla_match_b_high,obesity,1.9239395803504973,0.16542301317631614
hla_match_b_high,mrd_hct,81.58822671300405,1.6760964539857008e-19
hla_match_b_high,in_vivo_tcd,38.996479781770184,4.24570429141734e-10
hla_match_b_high,tce_match,1877.7962169723164,0.0
hla_match_b_high,prior_tumor,3.4271175484574457,0.06413394569030217
hla_match_b_high,hla_match_b_low,13408.437371084527,0.0
hla_match_b_high,peptic_ulcer,0.3807133333273044,0.5372217194970055
hla_match_b_high,rheum_issue,0.30345791209724177,0.5817226975155567
hla_match_b_high,sex_match,23.924519407402123,1.0018756499538857e-06
hla_match_b_high,race_group,0.0,1.0
hla_match_b_high,karnofsky_score,13.328078647399632,0.00026146128453615624
hla_match_b_high,tce_div_match,5592.865996126913,0.0
hla_match_b_high,melphalan_dose,0.026274560152738387,0.8712315994913398
hla_match_b_high,hla_match_drb1_high,14419.101077764313,0.0
hla_match_b_high,pulm_moderate,1.3896319060197442,0.23846727171445925
race_group,tbi_status,0.0,1.0
race_group,vent_hist,0.0,1.0
race_group,renal_issue,0.0,1.0
race_group,tce_imm_match,0.0,1.0
race_group,rituximab,0.0,1.0
race_group,year_hct,0.0,1.0
race_group,tce_match,0.0,1.0
race_group,rheum_issue,0.0,1.0
race_group,sex_match,0.0,1.0
race_group,tce_div_match,0.0,1.0
comorbidity_score,dri_score,3.486543698836929,0.061869631904066746
comorbidity_score,psych_disturb,1089.882555836171,5.222310396892104e-239
comorbidity_score,cyto_score,5.175214707412804,0.022911339901201366
comorbidity_score,diabetes,1243.5257318463252,2.11876312271674e-272
comorbidity_score,hla_match_c_high,3.110571164196708,0.077785678144952
comorbidity_score,hla_high_res_8,0.48219656530981836,0.4874290438889114
comorbidity_score,tbi_status,0.0,1.0
comorbidity_score,hla_low_res_6,2.7239256181303864,0.09885462109098554
comorbidity_score,graft_type,0.0,1.0
comorbidity_score,vent_hist,12.435379908029695,0.0004212766157314629
comorbidity_score,renal_issue,1211.0238368014818,2.4520027184478902e-265
comorbidity_score,pulm_severe,1194.8367029689177,8.080339867436344e-262
comorbidity_score,prim_disease_hct,0.0,1.0
comorbidity_score,hla_high_res_6,1.7268759361162327,0.1888103615818114
comorbidity_score,hla_high_res_10,1.109760823716896,0.29213394605313375
comorbidity_score,hla_match_dqb1_high,0.027904551277579077,0.867333418544201
comorbidity_score,tce_imm_match,2.5646032214997856,0.10927997273839564
comorbidity_score,hla_nmdp_6,0.016687531220593473,0.8972150411443344
comorbidity_score,hla_match_c_low,0.03073926630953089,0.8608233486111487
comorbidity_score,rituximab,945.0467839988974,1.5828995400297525e-207
comorbidity_score,hla_match_drb1_low,1.1568037151618271,0.28212940941804726
comorbidity_score,hla_match_dqb1_low,0.01589335917716687,0.8996774115013108
comorbidity_score,prod_type,0.0,1.0
comorbidity_score,cyto_score_detail,17.773597720987997,2.4881211988591975e-05
comorbidity_score,conditioning_intensity,1.7994660054136715,0.17977706562851192
comorbidity_score,ethnicity,3.5641777116081528,0.05903897465380267
comorbidity_score,year_hct,0.0,1.0
comorbidity_score,obesity,1116.4728558434085,8.682156552495206e-245
comorbidity_score,mrd_hct,5.288397077341418,0.021467971214258877
comorbidity_score,in_vivo_tcd,9.166847620913643,0.0024643870365089805
comorbidity_score,tce_match,0.32811369069629126,0.5667719320559081
comorbidity_score,hla_match_a_high,8.673689827913014,0.003228368670019584
comorbidity_score,hepatic_severe,1300.5871414014514,8.426120752944326e-285
comorbidity_score,donor_age,0.7158629258284401,0.3975043065333127
comorbidity_score,prior_tumor,1158.8619469425994,5.319561491348744e-254
comorbidity_score,hla_match_b_low,0.42402903860550406,0.5149334482087846
comorbidity_score,peptic_ulcer,1157.9892788003579,8.232592395150264e-254
comorbidity_score,hla_match_a_low,0.42949262925432846,0.5122380123850255
comorbidity_score,gvhd_proph,31.919763709291242,1.6067401351697645e-08
comorbidity_score,rheum_issue,1125.8085968114729,8.120676958602196e-247
comorbidity_score,sex_match,4.141984911880421,0.0418320905893378
comorbidity_score,hla_match_b_high,3.0531088504306854,0.0805827551693238
comorbidity_score,race_group,0.0,1.0
comorbidity_score,karnofsky_score,1.2176121694885307,0.2698297742300405
comorbidity_score,hepatic_mild,1120.9212364567209,9.371564710494702e-246
comorbidity_score,tce_div_match,1.5642429683088779,0.2110450479662376
comorbidity_score,donor_related,3.247778095704353,0.0715203481242862
comorbidity_score,melphalan_dose,578.6123647726641,7.51484888588514e-128
comorbidity_score,hla_low_res_8,2.770402500838022,0.09602201337201198
comorbidity_score,hla_match_drb1_high,0.18873685909437082,0.6639700044616959
comorbidity_score,pulm_moderate,1029.85407304025,5.823190347397074e-226
comorbidity_score,hla_low_res_10,1.3634702179385507,0.24293696681132237
comorbidity_score,efs,0.0,1.0
comorbidity_score,efs_time,0.0,1.0
karnofsky_score,psych_disturb,0.8219699510745951,0.36460482735748856
karnofsky_score,tbi_status,0.0,1.0
karnofsky_score,vent_hist,0.013957146507616635,0.9059564385091865
karnofsky_score,renal_issue,0.4130559820799232,0.5204224708260039
karnofsky_score,pulm_severe,0.017448575146574535,0.8949106891826027
karnofsky_score,prim_disease_hct,0.0,1.0
karnofsky_score,tce_imm_match,112.7451596639662,2.4536954165240113e-26
karnofsky_score,rituximab,0.5409235646674051,0.46205022317893063
karnofsky_score,prod_type,0.0,1.0
karnofsky_score,year_hct,0.0,1.0
karnofsky_score,obesity,0.11246606248700344,0.7373538383436569
karnofsky_score,mrd_hct,38.5621478297831,5.303762453164944e-10
karnofsky_score,tce_match,32.663092513792336,1.0959866957555673e-08
karnofsky_score,prior_tumor,0.014186992355968979,0.905188872580429
karnofsky_score,peptic_ulcer,0.6361319768564766,0.4251149450243118
karnofsky_score,rheum_issue,1.206569421382849,0.27201260502069535
karnofsky_score,sex_match,9.79674021330491,0.001748214930522815
karnofsky_score,race_group,0.0,1.0
karnofsky_score,tce_div_match,108.93081456443653,1.6805040854798067e-25
karnofsky_score,melphalan_dose,1.6581270945856126,0.19785638961425112
karnofsky_score,pulm_moderate,0.39041695097215967,0.532080316042105
hepatic_mild,psych_disturb,11691.50520224692,0.0
hepatic_mild,hla_match_c_high,0.0043064022108760805,0.9476778311417855
hepatic_mild,hla_high_res_8,3.2218699316769563,0.07266058228913397
hepatic_mild,tbi_status,0.0,1.0
hepatic_mild,hla_low_res_6,40.91332662036049,1.5913229763514295e-10
hepatic_mild,vent_hist,40.0116173414696,2.524569283364529e-10
hepatic_mild,renal_issue,12367.398083947945,0.0
hepatic_mild,pulm_severe,11751.829950356147,0.0
hepatic_mild,prim_disease_hct,0.0,1.0
hepatic_mild,hla_high_res_6,2.8796060869925753,0.08970796435138553
hepatic_mild,hla_high_res_10,11.76246051067052,0.0006043728144377036
hepatic_mild,hla_match_dqb1_high,8.50247501517942,0.003546637259449076
hepatic_mild,tce_imm_match,0.30949108949885157,0.5779926411468331
hepatic_mild,hla_nmdp_6,3.8110604712614986,0.050915204921389255
hepatic_mild,hla_match_c_low,12.9652432376443,0.00031732722989653606
hepatic_mild,rituximab,7992.268090676745,0.0
hepatic_mild,hla_match_drb1_low,24.602761094170614,7.045071815902331e-07
hepatic_mild,hla_match_dqb1_low,5.295777224313838,0.02137718919783096
hepatic_mild,prod_type,0.0,1.0
hepatic_mild,year_hct,0.0,1.0
hepatic_mild,obesity,10909.802573229317,0.0
hepatic_mild,mrd_hct,19.271207571117703,1.1340365618430261e-05
hepatic_mild,in_vivo_tcd,15.207145506625576,9.633819886096159e-05
hepatic_mild,tce_match,6.750458291451122,0.00937236077851844
hepatic_mild,hla_match_a_high,0.6110011444150129,0.43441111042157765
hepatic_mild,hepatic_severe,11871.644344517119,0.0
hepatic_mild,prior_tumor,10738.47334055647,0.0
hepatic_mild,hla_match_b_low,24.60564870536767,7.034522872879243e-07
hepatic_mild,peptic_ulcer,11984.192638322325,0.0
hepatic_mild,hla_match_a_low,19.413397854097283,1.0526598983235711e-05
hepatic_mild,rheum_issue,12289.781363549584,0.0
hepatic_mild,sex_match,5.184087273682682,0.022794642098014038
hepatic_mild,hla_match_b_high,0.09740685552105512,0.7549639841179097
hepatic_mild,race_group,0.0,1.0
hepatic_mild,karnofsky_score,0.5581894310469622,0.4549906694962239
hepatic_mild,tce_div_match,1.6979093307695785,0.19256161815865575
hepatic_mild,melphalan_dose,3695.878378089441,0.0
hepatic_mild,hla_low_res_8,45.87304175388958,1.2617032956903537e-11
hepatic_mild,hla_match_drb1_high,5.698239523381673,0.016981938000749493
hepatic_mild,pulm_moderate,10134.857998984657,0.0
hepatic_mild,hla_low_res_10,30.840298149269984,2.8015924312994572e-08
tce_div_match,vent_hist,0.8018249134619437,0.37054830990227605
tce_div_match,tce_imm_match,22186.221674092005,0.0
tce_div_match,year_hct,0.0,1.0
tce_div_match,tce_match,6601.184199665292,0.0
donor_related,dri_score,0.14230520122372184,0.7060000003855699
donor_related,psych_disturb,14.221277530312962,0.00016252241134383198
donor_related,hla_match_c_high,1.789605356722709,0.18097425367280573
donor_related,hla_high_res_8,3.5739627463707277,0.05869209253221138
donor_related,tbi_status,0.0,1.0
donor_related,hla_low_res_6,3.614181263385244,0.05728891377556058
donor_related,graft_type,0.0,1.0
donor_related,vent_hist,0.0,1.0
donor_related,renal_issue,8.293796447460167,0.0039780736140944215
donor_related,pulm_severe,10.789249292471547,0.0010209127645525627
donor_related,prim_disease_hct,0.0,1.0
donor_related,hla_high_res_6,3.077454520956713,0.07938467897963346
donor_related,hla_high_res_10,10.07935443281117,0.0014993985726949532
donor_related,hla_match_dqb1_high,5.184300768068804,0.022791841682504966
donor_related,tce_imm_match,0.0,1.0
donor_related,hla_nmdp_6,1.023612642952133,0.3116636101533229
donor_related,hla_match_c_low,0.7143935783386214,0.39798909756918943
donor_related,rituximab,12.656083284064735,0.00037434562696158117
donor_related,hla_match_drb1_low,4.886912168366218,0.027061043614557335
donor_related,hla_match_dqb1_low,6.754327838017332,0.009352056953870865
donor_related,prod_type,0.0,1.0
donor_related,ethnicity,8.884651331052849,0.002875779573612586
donor_related,year_hct,0.0,1.0
donor_related,obesity,21.25928952898859,4.0116146986331465e-06
donor_related,mrd_hct,2.9024955580870078,0.08844253148111736
donor_related,in_vivo_tcd,22.76397670523666,1.831671094489764e-06
donor_related,tce_match,2.9986828669956855,0.08333223839346195
donor_related,hla_match_a_high,0.4225353785077451,0.51567464324268
donor_related,hepatic_severe,8.935987264531871,0.0027960629872619074
donor_related,prior_tumor,2.138893957054715,0.14360539518966034
donor_related,hla_match_b_low,0.15998565416797048,0.6891697249767303
donor_related,peptic_ulcer,14.476058514872792,0.00014195230985297768
donor_related,hla_match_a_low,0.012602286985112083,0.910617329443743
donor_related,gvhd_proph,0.0,1.0
donor_related,rheum_issue,3.8664113881085473,0.04926174469338598
donor_related,sex_match,0.8085035613287853,0.3685630433879673
donor_related,hla_match_b_high,1.3445901605704045,0.24622610344729773
donor_related,race_group,0.0,1.0
donor_related,karnofsky_score,1.6155621356708652,0.20371169640168682
donor_related,hepatic_mild,6.527743034754025,0.010620463275706517
donor_related,tce_div_match,0.9518274704651666,0.3292545662782002
donor_related,melphalan_dose,6.326544068728488,0.011894387864957742
donor_related,hla_low_res_8,6.286097546251954,0.012168869546532688
donor_related,hla_match_drb1_high,1.045587576286247,0.3065255007953589
donor_related,pulm_moderate,12.242473810597916,0.00046713854675142807
donor_related,hla_low_res_10,9.513341225945734,0.0020398340978055648
donor_related,efs,0.0,1.0
donor_related,efs_time,0.0,1.0
melphalan_dose,psych_disturb,3428.801410334743,0.0
melphalan_dose,tbi_status,0.0,1.0
melphalan_dose,vent_hist,47.81618419028584,4.681118158176217e-12
melphalan_dose,renal_issue,3808.404250171974,0.0
melphalan_dose,pulm_severe,3571.1292886110305,0.0
melphalan_dose,prim_disease_hct,0.0,1.0
melphalan_dose,tce_imm_match,2.2360479635666737,0.13482518586194087
melphalan_dose,rituximab,3157.819869892988,0.0
melphalan_dose,prod_type,0.0,1.0
melphalan_dose,year_hct,0.0,1.0
melphalan_dose,obesity,3811.755564257832,0.0
melphalan_dose,mrd_hct,4.235973270992455,0.03957592661486819
melphalan_dose,tce_match,1.7959165682639626,0.18020694684566632
melphalan_dose,prior_tumor,3514.200449625201,0.0
melphalan_dose,peptic_ulcer,3530.222247437952,0.0
melphalan_dose,rheum_issue,3630.433621967757,0.0
melphalan_dose,sex_match,7.948581384884717,0.004812508544617341
melphalan_dose,race_group,0.0,1.0
melphalan_dose,tce_div_match,0.2234668550914397,0.6364109507911612
melphalan_dose,pulm_moderate,3036.62564540162,0.0
hla_low_res_8,psych_disturb,61.248216497879284,5.0314118940369774e-15
hla_low_res_8,hla_match_c_high,15428.667744768707,0.0
hla_low_res_8,tbi_status,0.0,1.0
hla_low_res_8,vent_hist,19.673200205906532,9.188094935725707e-06
hla_low_res_8,renal_issue,37.87976540194806,7.524159756916726e-10
hla_low_res_8,pulm_severe,35.128675886230596,3.086224667086785e-09
hla_low_res_8,prim_disease_hct,0.0,1.0
hla_low_res_8,hla_match_dqb1_high,12961.634730470512,0.0
hla_low_res_8,tce_imm_match,5700.110461889446,0.0
hla_low_res_8,hla_nmdp_6,15142.9022432979,0.0
hla_low_res_8,hla_match_c_low,21342.04473472926,0.0
hla_low_res_8,rituximab,61.1710572721268,5.232511903310652e-15
hla_low_res_8,hla_match_drb1_low,20023.96230462223,0.0
hla_low_res_8,hla_match_dqb1_low,12762.698218568914,0.0
hla_low_res_8,prod_type,0.0,1.0
hla_low_res_8,year_hct,0.0,1.0
hla_low_res_8,obesity,60.54219383740019,7.201811918623618e-15
hla_low_res_8,mrd_hct,112.24172082181931,3.1629785439091344e-26
hla_low_res_8,in_vivo_tcd,23.220975741391555,1.4441355178659273e-06
hla_low_res_8,tce_match,1862.8237288514692,0.0
hla_low_res_8,hla_match_a_high,15043.604411632181,0.0
hla_low_res_8,prior_tumor,29.343097640443414,6.063209609299978e-08
hla_low_res_8,hla_match_b_low,19374.98456704916,0.0
hla_low_res_8,peptic_ulcer,65.38605310846685,6.157311166376233e-16
hla_low_res_8,hla_match_a_low,17932.893209152076,0.0
hla_low_res_8,rheum_issue,56.74985310476403,4.9492784706487055e-14
hla_low_res_8,sex_match,28.147286732434853,1.1242516750057444e-07
hla_low_res_8,hla_match_b_high,15589.70570849452,0.0
hla_low_res_8,race_group,0.0,1.0
hla_low_res_8,karnofsky_score,24.809911369414593,6.327129692923771e-07
hla_low_res_8,tce_div_match,5585.619465086867,0.0
hla_low_res_8,melphalan_dose,23.749158909371694,1.0974332335741139e-06
hla_low_res_8,hla_match_drb1_high,14174.735144146951,0.0
hla_low_res_8,pulm_moderate,68.21580020635905,1.4654678661542596e-16
cardiac,dri_score,23.1903456428102,1.4673212562664513e-06
cardiac,psych_disturb,11681.643740351274,0.0
cardiac,cyto_score,82.70997480990323,9.502053248101471e-20
cardiac,diabetes,12203.361489403593,0.0
cardiac,hla_match_c_high,6.281174786791414,0.012202718018043183
cardiac,hla_high_res_8,0.06708194526730374,0.795633832511459
cardiac,tbi_status,0.0,1.0
cardiac,hla_low_res_6,17.4916935954457,2.8856568582899333e-05
cardiac,graft_type,0.0,1.0
cardiac,vent_hist,72.28326374617563,1.8642172927604836e-17
cardiac,renal_issue,12212.492446397328,0.0
cardiac,pulm_severe,11542.919730657504,0.0
cardiac,prim_disease_hct,0.0,1.0
cardiac,hla_high_res_6,0.06876858183446447,0.793138233021764
cardiac,cmv_status,43.41017720234815,4.4387355216461643e-11
cardiac,hla_high_res_10,4.125016803479806,0.04225360102813914
cardiac,hla_match_dqb1_high,0.46423328970385463,0.49565215681023633
cardiac,tce_imm_match,5.735074723238096,0.016629360535390877
cardiac,hla_nmdp_6,1.104763568623568e-05,0.9973479974705951
cardiac,hla_match_c_low,1.3159351326023911,0.2513228723007849
cardiac,rituximab,8123.004309004706,0.0
cardiac,hla_match_drb1_low,8.79509271192898,0.003020418947307062
cardiac,hla_match_dqb1_low,1.6298187188624906,0.20172812411207025
cardiac,prod_type,0.0,1.0
cardiac,cyto_score_detail,143.31760324576825,5.009437933183303e-33
cardiac,conditioning_intensity,39.1776252686805,3.8694929948057294e-10
cardiac,ethnicity,20.35265772383705,6.440357465517646e-06
cardiac,year_hct,0.0,1.0
cardiac,obesity,10795.613546535162,0.0
cardiac,mrd_hct,16.826872399994585,4.0949319215181934e-05
cardiac,in_vivo_tcd,17.32205653792848,3.155034729344731e-05
cardiac,tce_match,17.284239205338068,3.2184530681198227e-05
cardiac,hla_match_a_high,10.32019598747425,0.001315823153465821
cardiac,hepatic_severe,12252.160616131745,0.0
cardiac,donor_age,1.0703370006209987,0.3008693377602608
cardiac,prior_tumor,10533.882110240527,0.0
cardiac,hla_match_b_low,6.185291742179861,0.012881646349874105
cardiac,peptic_ulcer,12871.59848905074,0.0
cardiac,hla_match_a_low,2.1668888770278723,0.14101125802446818
cardiac,gvhd_proph,33.796751198034535,6.118094847925652e-09
cardiac,rheum_issue,12715.461286011005,0.0
cardiac,sex_match,5.259976958923456,0.02182130767998047
cardiac,hla_match_b_high,3.7011683821257426,0.054374379989758234
cardiac,race_group,0.0,1.0
cardiac,comorbidity_score,1240.4796057982026,9.729084873354666e-272
cardiac,karnofsky_score,1.0120815044241471,0.31440469091016465
cardiac,hepatic_mild,11579.597637386118,0.0
cardiac,tce_div_match,1.6626742875952152,0.19724263343054413
cardiac,donor_related,4.513037476880273,0.033637454948682775
cardiac,melphalan_dose,3431.387923837562,0.0
cardiac,hla_low_res_8,19.678938230739917,9.160546347971359e-06
cardiac,hla_match_drb1_high,1.3054264644934983,0.25322439138542663
cardiac,pulm_moderate,9376.393625274957,0.0
cardiac,hla_low_res_10,7.012767729570834,0.008093047286697524
cardiac,efs,0.0,1.0
cardiac,efs_time,0.0,1.0
hla_match_drb1_high,psych_disturb,9.613969647017619,0.0019310277425117206
hla_match_drb1_high,tbi_status,0.0,1.0
hla_match_drb1_high,vent_hist,18.932631797279647,1.3541645609015895e-05
hla_match_drb1_high,renal_issue,3.033381926881444,0.08156783650154266
hla_match_drb1_high,pulm_severe,2.6043723834014356,0.10656933942833723
hla_match_drb1_high,prim_disease_hct,0.0,1.0
hla_match_drb1_high,tce_imm_match,3800.2484704002063,0.0
hla_match_drb1_high,hla_nmdp_6,16707.1301824828,0.0
hla_match_drb1_high,rituximab,11.984160607466428,0.0005365465471548297
hla_match_drb1_high,hla_match_drb1_low,13357.063341278355,0.0
hla_match_drb1_high,prod_type,0.0,1.0
hla_match_drb1_high,year_hct,0.0,1.0
hla_match_drb1_high,obesity,13.930455383358673,0.00018969976107163295
hla_match_drb1_high,mrd_hct,69.50556208142538,7.619932913289871e-17
hla_match_drb1_high,in_vivo_tcd,25.74603038013351,3.894271760072424e-07
hla_match_drb1_high,tce_match,1413.5743126569869,2.35891436796996e-309
hla_match_drb1_high,prior_tumor,2.268211005620851,0.13205225905587448
hla_match_drb1_high,peptic_ulcer,9.675234572193752,0.0018676842323604895
hla_match_drb1_high,rheum_issue,9.08756891672097,0.0025735273564283434
hla_match_drb1_high,sex_match,11.022367533204328,0.0009001902475466801
hla_match_drb1_high,race_group,0.0,1.0
hla_match_drb1_high,karnofsky_score,5.200041238004642,0.02258635232428373
hla_match_drb1_high,tce_div_match,3784.302066246033,0.0
hla_match_drb1_high,melphalan_dose,9.415431738802843,0.0021516689528665797
hla_match_drb1_high,pulm_moderate,13.961573849453398,0.000186585394927679
pulm_moderate,tbi_status,0.0,1.0
pulm_moderate,vent_hist,34.248030245862566,4.851662593895009e-09
pulm_moderate,renal_issue,10110.269262609962,0.0
pulm_moderate,pulm_severe,9675.83712644223,0.0
pulm_moderate,tce_imm_match,24.546963368376264,7.252053915810944e-07
pulm_moderate,rituximab,6730.072330732991,0.0
pulm_moderate,year_hct,0.0,1.0
pulm_moderate,tce_match,19.96800959234097,7.87487027775412e-06
pulm_moderate,rheum_issue,10229.848597755297,0.0
pulm_moderate,sex_match,13.086869975441195,0.0002973728255050836
pulm_moderate,race_group,0.0,1.0
pulm_moderate,tce_div_match,27.84163084090453,1.3166235947756806e-07
hla_low_res_10,psych_disturb,44.35777248439557,2.7352387774638284e-11
hla_low_res_10,hla_match_c_high,13028.118256612399,0.0
hla_low_res_10,tbi_status,0.0,1.0
hla_low_res_10,hla_low_res_6,17283.91413983868,0.0
hla_low_res_10,vent_hist,25.768302355897003,3.849590584964619e-07
hla_low_res_10,renal_issue,30.424226258644122,3.4716531561064094e-08
hla_low_res_10,pulm_severe,30.255006682746945,3.7881213823008246e-08
hla_low_res_10,prim_disease_hct,0.0,1.0
hla_low_res_10,hla_match_dqb1_high,17834.807631265045,0.0
hla_low_res_10,tce_imm_match,7111.455981894327,0.0
hla_low_res_10,hla_nmdp_6,12383.070554104575,0.0
hla_low_res_10,hla_match_c_low,14531.243846890557,0.0
hla_low_res_10,rituximab,40.34876472998111,2.1243971106854868e-10
hla_low_res_10,hla_match_drb1_low,13633.776060316404,0.0
hla_low_res_10,hla_match_dqb1_low,23002.131276038053,0.0
hla_low_res_10,prod_type,0.0,1.0
hla_low_res_10,year_hct,0.0,1.0
hla_low_res_10,obesity,41.78749708317206,1.0175200709170171e-10
hla_low_res_10,mrd_hct,75.72909192996669,3.2537823574815416e-18
hla_low_res_10,in_vivo_tcd,24.125846301328647,9.024093638053281e-07
hla_low_res_10,tce_match,2288.297128495391,0.0
hla_low_res_10,hla_match_a_high,12103.511643903617,0.0
hla_low_res_10,prior_tumor,25.52327971404258,4.370772631486392e-07
hla_low_res_10,hla_match_b_low,13191.894278032578,0.0
hla_low_res_10,peptic_ulcer,50.35521526828788,1.282887142754036e-12
hla_low_res_10,hla_match_a_low,12209.99018150257,0.0
hla_low_res_10,rheum_issue,41.88051552201109,9.702467168029317e-11
hla_low_res_10,sex_match,43.99562383176663,3.291108613010391e-11
hla_low_res_10,hla_match_b_high,12302.073662220546,0.0
hla_low_res_10,race_group,0.0,1.0
hla_low_res_10,karnofsky_score,49.1552143724874,2.364888805326425e-12
hla_low_res_10,tce_div_match,6997.961402148191,0.0
hla_low_res_10,melphalan_dose,25.62960829596064,4.136435485611136e-07
hla_low_res_10,hla_low_res_8,19603.13592470261,0.0
hla_low_res_10,hla_match_drb1_high,11246.589679399303,0.0
hla_low_res_10,pulm_moderate,55.41229485395578,9.772330745493483e-14
efs,psych_disturb,0.0,1.0
efs,hla_match_c_high,0.0,1.0
efs,hla_high_res_8,0.0,1.0
efs,tbi_status,0.0,1.0
efs,hla_low_res_6,0.0,1.0
efs,graft_type,0.0,1.0
efs,vent_hist,0.0,1.0
efs,renal_issue,0.0,1.0
efs,pulm_severe,0.0,1.0
efs,prim_disease_hct,0.0,1.0
efs,hla_high_res_6,0.0,1.0
efs,hla_high_res_10,0.0,1.0
efs,hla_match_dqb1_high,0.0,1.0
efs,tce_imm_match,0.0,1.0
efs,hla_nmdp_6,0.0,1.0
efs,hla_match_c_low,0.0,1.0
efs,rituximab,0.0,1.0
efs,hla_match_drb1_low,0.0,1.0
efs,hla_match_dqb1_low,0.0,1.0
efs,prod_type,0.0,1.0
efs,ethnicity,0.0,1.0
efs,year_hct,0.0,1.0
efs,obesity,0.0,1.0
efs,mrd_hct,0.0,1.0
efs,in_vivo_tcd,0.0,1.0
efs,tce_match,0.0,1.0
efs,hla_match_a_high,0.0,1.0
efs,hepatic_severe,0.0,1.0
efs,prior_tumor,0.0,1.0
efs,hla_match_b_low,0.0,1.0
efs,peptic_ulcer,0.0,1.0
efs,hla_match_a_low,0.0,1.0
efs,gvhd_proph,0.0,1.0
efs,rheum_issue,0.0,1.0
efs,sex_match,0.0,1.0
efs,hla_match_b_high,0.0,1.0
efs,race_group,0.0,1.0
efs,karnofsky_score,0.0,1.0
efs,hepatic_mild,0.0,1.0
efs,tce_div_match,0.0,1.0
efs,melphalan_dose,0.0,1.0
efs,hla_low_res_8,0.0,1.0
efs,hla_match_drb1_high,0.0,1.0
efs,pulm_moderate,0.0,1.0
efs,hla_low_res_10,0.0,1.0
efs,efs_time,0.0,1.0
efs_time,psych_disturb,0.0,1.0
efs_time,hla_match_c_high,0.0,1.0
efs_time,hla_high_res_8,0.0,1.0
efs_time,tbi_status,0.0,1.0
efs_time,hla_low_res_6,0.0,1.0
efs_time,graft_type,0.0,1.0
efs_time,vent_hist,0.0,1.0
efs_time,renal_issue,0.0,1.0
efs_time,pulm_severe,0.0,1.0
efs_time,prim_disease_hct,0.0,1.0
efs_time,hla_high_res_6,0.0,1.0
efs_time,hla_high_res_10,0.0,1.0
efs_time,hla_match_dqb1_high,0.0,1.0
efs_time,tce_imm_match,0.0,1.0
efs_time,hla_nmdp_6,0.0,1.0
efs_time,hla_match_c_low,0.0,1.0
efs_time,rituximab,0.0,1.0
efs_time,hla_match_drb1_low,0.0,1.0
efs_time,hla_match_dqb1_low,0.0,1.0
efs_time,prod_type,0.0,1.0
efs_time,ethnicity,0.0,1.0
efs_time,year_hct,0.0,1.0
efs_time,obesity,0.0,1.0
efs_time,mrd_hct,0.0,1.0
efs_time,in_vivo_tcd,0.0,1.0
efs_time,tce_match,0.0,1.0
efs_time,hla_match_a_high,0.0,1.0
efs_time,hepatic_severe,0.0,1.0
efs_time,prior_tumor,0.0,1.0
efs_time,hla_match_b_low,0.0,1.0
efs_time,peptic_ulcer,0.0,1.0
efs_time,hla_match_a_low,0.0,1.0
efs_time,gvhd_proph,0.0,1.0
efs_time,rheum_issue,0.0,1.0
efs_time,sex_match,0.0,1.0
efs_time,hla_match_b_high,0.0,1.0
efs_time,race_group,0.0,1.0
efs_time,karnofsky_score,0.0,1.0
efs_time,hepatic_mild,0.0,1.0
efs_time,tce_div_match,0.0,1.0
efs_time,melphalan_dose,0.0,1.0
efs_time,hla_low_res_8,0.0,1.0
efs_time,hla_match_drb1_high,0.0,1.0
efs_time,pulm_moderate,0.0,1.0
efs_time,hla_low_res_10,0.0,1.0
